,0,1
0,-0.57954246,-2.9004292
1,-0.63234997,-2.9361482
2,-0.5121941,-3.0464623
3,-0.5154524,-2.9135337
4,-0.446339,-2.960588
5,-0.32994413,-3.032815
6,-0.47987098,-3.04689
7,-0.59573746,-3.005387
8,-0.4573206,-3.1014028
9,-0.5293125,-3.014265
10,-0.5547613,-3.0594225
11,-0.38719547,-3.0195463
12,-0.5280474,-2.925558
13,-0.49537945,-2.931411
14,-0.48074034,-3.0050538
15,-0.37869608,-2.990876
16,-0.4791527,-3.049789
17,-0.4705475,-2.9591713
18,-0.35286796,-3.027068
19,-0.4125191,-3.0188842
20,-0.41895562,-3.0138397
21,-0.5392346,-3.0005302
22,-0.52199745,-2.9511397
23,-0.4137177,-3.096713
24,-0.5172202,-2.9364436
25,-0.50471866,-3.057416
26,-0.5153811,-3.0244021
27,-0.50803375,-2.9904282
28,-0.3620066,-3.0163147
29,-0.60221446,-3.002067
30,-0.38932055,-2.9794114
31,-0.5533679,-2.9670274
32,-0.6296441,-2.9540792
33,-0.58532405,-2.9824662
34,-0.32216585,-3.0421102
35,-0.4043162,-3.1185946
36,-0.55724204,-2.9801726
37,-0.5002556,-2.968633
38,-0.5546056,-2.9668756
39,-0.38987213,-3.0655532
40,-0.5698327,-3.0419788
41,-0.49558285,-3.025236
42,-0.5245038,-2.9397187
43,-0.4636156,-3.106717
44,-0.5500264,-3.0454855
45,-0.5216657,-2.9622262
46,-0.46131232,-3.0049493
47,-0.5333648,-2.9655974
48,-0.43644664,-3.0073352
49,-0.5393894,-2.928211
50,-0.3635338,-3.047772
51,-0.5188296,-2.9981892
52,-0.3446787,-3.039486
53,-0.47048506,-2.9345639
54,-0.47623762,-3.039279
55,-0.5160391,-3.0132327
56,-0.5020032,-3.0197577
57,-0.5524428,-2.9731917
58,-0.46007392,-3.0224302
59,-0.46170592,-2.9660435
60,-0.51988924,-2.9550605
61,-0.5309862,-3.0369787
62,-0.5052391,-3.0019662
63,-0.5770359,-3.0169961
64,-0.48937172,-3.0421474
65,-0.4575618,-3.045312
66,-0.42348376,-3.0208216
67,-0.5307131,-3.0921974
68,-0.50260776,-3.0017092
69,-0.47657555,-2.9608455
70,-0.5143733,-2.9599452
71,-0.5099765,-3.0159514
72,-0.50765455,-2.989379
73,-0.5860033,-2.950437
74,-0.48189276,-3.0718856
75,-0.48983228,-2.9906878
76,-0.5164595,-2.9412403
77,-0.30217147,-3.079979
78,-0.4963479,-2.9981494
79,-0.5479689,-2.9520938
80,-0.45604402,-2.944798
81,-0.4389492,-3.0623026
82,-0.5623987,-2.986215
83,-0.5994488,-3.0501456
84,-0.5018544,-3.0661108
85,-0.5346316,-2.9173946
86,-0.43961617,-2.978618
87,-0.498454,-3.0415127
88,-0.45159972,-3.027542
89,-0.5250195,-2.9494047
90,-0.44123432,-2.980464
91,-0.5704262,-2.91443
92,-0.330742,-3.0142415
93,-0.5229696,-3.002479
94,-0.4884849,-2.9586492
95,-0.39985454,-3.0803416
96,-0.54161346,-2.9778545
97,-0.48521805,-2.9594023
98,-0.44302163,-3.0275664
99,-0.43573546,-2.9798176
100,-0.4589178,-3.035893
101,-0.41204584,-3.028211
102,-0.38362575,-3.0067213
103,-0.48106915,-2.9207544
104,-0.39099497,-2.9930234
105,-0.3809771,-3.0518773
106,-0.508942,-2.9823725
107,-0.5090346,-2.9534383
108,-0.4839488,-2.928249
109,-0.4949999,-2.9467845
110,-0.6303646,-2.8857272
111,-0.35398835,-3.0066328
112,-0.45910645,-2.9903316
113,-0.51938474,-2.9833097
114,-0.2993248,-3.0754895
115,-0.54376125,-3.0208375
116,-0.55741304,-2.9047127
117,-0.49085355,-3.001918
118,-0.52739096,-2.9418726
119,-0.49582562,-3.0466042
120,-0.49497297,-3.0043213
121,-0.5496758,-3.0914102
122,-0.48858702,-3.038268
123,-0.42662212,-3.031805
124,-0.46922535,-2.9706035
125,-0.49232325,-3.0660274
126,-0.47032183,-2.9851942
127,-0.38681525,-3.006122
128,-0.55164486,-2.997913
129,-0.5319294,-3.0150962
130,-0.42352661,-3.0309148
131,-0.46617106,-2.9814708
132,-0.5233298,-2.9947724
133,-0.577062,-2.9140768
134,-0.45085353,-3.0753593
135,-0.31019133,-3.0102522
136,-0.43482867,-3.0243464
137,-0.49936864,-3.0081508
138,-0.46284184,-3.0215864
139,-0.42320904,-3.0026827
140,-0.4021513,-2.9527054
141,-0.56192017,-3.0350718
142,-0.5273037,-2.9281495
143,-0.6010347,-2.8901782
144,-0.46776137,-3.0334105
145,-0.45568174,-2.9748247
146,-0.5050949,-3.0076365
147,-0.2896434,-3.0474138
148,-0.46785077,-3.0024414
149,-0.32696044,-3.092176
150,-0.24974233,-3.0418668
151,-0.42596817,-3.104663
152,-0.59313774,-2.9793193
153,-0.5011849,-3.056374
154,-0.5181783,-2.9438763
155,-0.44263124,-3.001608
156,-0.37756407,-2.9494126
157,-0.5719123,-2.9563198
158,-0.46541873,-3.0448866
159,-0.47528127,-2.9499362
160,-0.5463027,-2.9850092
161,-0.5241598,-3.0193543
162,-0.5165211,-3.0236533
163,-0.41727015,-3.000065
164,-0.5187275,-3.0330882
165,-0.48303312,-3.073009
166,-0.4591707,-2.9593894
167,-0.35847104,-2.9393616
168,-0.37631267,-2.9485369
169,-0.31780273,-3.0796943
170,-0.4103346,-3.0183856
171,-0.42024097,-3.044206
172,-0.38791823,-2.9786532
173,-0.56757414,-2.9887462
174,-0.4241174,-3.0310075
175,-0.551535,-2.9805021
176,-0.5418036,-3.0052898
177,-0.5747614,-2.9609115
178,-0.31519932,-3.040394
179,-0.5733369,-2.9172583
180,-0.4757478,-2.9818983
181,-0.6561869,-2.9541917
182,-0.418462,-3.0144877
183,-0.5340344,-2.995819
184,-0.43919888,-2.9621413
185,-0.37896663,-2.9990396
186,-0.6218748,-2.9691067
187,-0.4230492,-3.0325594
188,-0.37988585,-3.024136
189,-0.4430968,-3.0167427
190,-0.5317515,-3.0408103
191,-0.42549855,-3.0117872
192,-0.55097675,-3.02296
193,-0.38829315,-3.0036783
194,-0.5414072,-3.006775
195,-0.36223537,-3.042356
196,-0.4167183,-3.0264525
197,-0.4821155,-2.9754548
198,-0.45708627,-3.0643387
199,-0.51776683,-3.0142717
200,-0.5104109,-3.001651
201,-0.48654294,-3.0029707
202,-0.49318233,-3.004564
203,-0.38169223,-3.029688
204,-0.43176636,-2.9345417
205,-0.5139259,-3.0009036
206,-0.5673122,-2.9948487
207,-0.4754219,-2.9757137
208,-0.5057795,-3.0054152
209,-0.21984047,-3.0758
210,-0.4316989,-2.9636467
211,-0.3984294,-3.0118217
212,-0.28973138,-2.9914162
213,-0.5621538,-3.0547552
214,-0.4989965,-3.0356996
215,-0.34900576,-3.0467122
216,-0.43563738,-3.068474
217,-0.5736146,-3.0236564
218,-0.60845375,-2.9131978
219,-0.41124773,-2.9849834
220,-0.5494134,-3.0059447
221,-0.3511039,-3.0193243
222,-0.45880923,-2.9962008
223,-0.5239321,-2.9991083
224,-0.62728673,-3.0125837
225,-0.47736618,-2.9673924
226,-0.42919165,-3.0072217
227,-0.5175205,-3.028574
228,-0.42591572,-2.998277
229,-0.37170058,-3.060276
230,-0.5394919,-3.0812256
231,-0.41074127,-3.0639665
232,-0.50405824,-2.9428153
233,-0.41523665,-3.0191298
234,-0.45057848,-3.0169551
235,-0.5960852,-2.95502
236,-0.43694538,-2.9765205
237,-0.40052825,-2.9967885
238,-0.5232626,-2.9293678
239,-0.45804635,-2.9908118
240,-0.34048736,-3.0172334
241,-0.35077554,-2.982223
242,-0.49115038,-3.0518801
243,-0.54221976,-2.9350114
244,-0.5814477,-2.9446876
245,-0.34457946,-3.1286826
246,-0.5729543,-2.9593961
247,-0.5321593,-3.0488987
248,-0.39247513,-3.022978
249,-0.3919382,-3.017705
250,-0.52739555,-2.9744177
251,-0.48183265,-3.0282025
252,-0.4878357,-3.0879188
253,-0.45848545,-3.0250368
254,-0.41829488,-2.9694593
255,-0.5745759,-2.994525
256,-0.5280081,-2.929637
257,-0.33203012,-3.0183356
258,-0.49069613,-2.9780297
259,-0.47653306,-3.0278604
260,-0.416873,-3.0249329
261,-0.49010545,-3.018248
262,-0.45975348,-3.075195
263,-0.53862214,-3.0155225
264,-0.52873194,-2.9936447
265,-0.50353485,-3.0546637
266,-0.4222051,-3.0306776
267,-0.50421226,-3.0000708
268,-0.36366862,-3.0599675
269,-0.4903721,-2.9399357
270,-0.4274194,-3.0387952
271,-0.52356267,-2.991041
272,-0.39414388,-3.0565937
273,-0.3740188,-3.09404
274,-0.64474905,-2.9158669
275,-0.40744442,-2.98423
276,-0.57416373,-2.9662495
277,-0.46765962,-2.9304075
278,-0.43326908,-3.0141811
279,-0.4273237,-3.0037723
280,-0.50369114,-3.036101
281,-0.45440817,-2.9755576
282,-0.3644476,-2.9671326
283,-0.5392549,-2.9708607
284,-0.50752693,-2.9837992
285,-0.38777375,-3.049015
286,-0.59382296,-2.9596114
287,-0.4312879,-3.0776
288,-0.5136875,-3.051861
289,-0.46908322,-3.0022562
290,-0.41569567,-3.0266914
291,-0.4946032,-3.0145931
292,-0.5255543,-2.991069
293,-0.49122983,-3.0776243
294,-0.50239724,-3.0214865
295,-0.5558909,-2.935415
296,-0.5114512,-3.0322518
297,-0.59225434,-2.9629195
298,-0.67260635,-2.9274302
299,-0.4832802,-2.9604607
300,-0.48848936,-3.0210342
301,-0.44834208,-3.0763586
302,-0.46484566,-2.988611
303,-0.48010606,-2.9957657
304,-0.35860777,-3.0794528
305,-0.51779807,-3.0578654
306,-0.6075303,-2.9783182
307,-0.43953967,-2.9509282
308,-0.46157366,-3.0329359
309,-0.4634184,-3.0674877
310,-0.51819354,-2.91738
311,-0.5463364,-3.000607
312,-0.4934127,-2.9276123
313,-0.51601875,-3.0039454
314,-0.40637916,-2.9993544
315,-0.45265818,-2.9902377
316,-0.4961943,-3.0648968
317,-0.5705897,-2.9940977
318,-0.5464498,-2.9789152
319,-0.48334035,-2.9284475
320,-0.4790241,-3.043879
321,-0.48759997,-2.9705505
322,-0.4028849,-3.0810027
323,-0.44293594,-3.0320516
324,-0.45510343,-2.9969897
325,-0.42421493,-2.9545293
326,-0.44056925,-3.085824
327,-0.45363215,-3.0430202
328,-0.5101904,-2.9940028
329,-0.3798017,-3.0359106
330,-0.49323353,-2.950202
331,-0.5123069,-2.9446204
332,-0.46603146,-2.99824
333,-0.4323285,-3.0419333
334,-0.55847925,-2.9777236
335,-0.47841227,-3.0322652
336,-0.43818533,-2.975006
337,-0.54322064,-2.9257267
338,-0.49305955,-2.9917638
339,-0.41978288,-3.024928
340,-0.49266756,-2.9634094
341,-0.5393976,-2.9979427
342,-0.5462681,-2.9504232
343,-0.5848193,-2.9520187
344,-0.50238943,-3.0523307
345,-0.4957821,-3.010323
346,-0.5344682,-2.9296777
347,-0.47344792,-3.0031435
348,-0.410447,-3.047195
349,-0.30719298,-3.0500479
350,-0.42132026,-3.0705352
351,-0.5767031,-2.9689453
352,-0.44205087,-2.9957442
353,-0.4780586,-3.0334806
354,-0.50237924,-2.9739583
355,-0.44807896,-3.0842216
356,-0.4471015,-3.041967
357,-0.35600895,-3.0074444
358,-0.48436534,-3.0698507
359,-0.43533438,-3.0130744
360,-0.33193123,-3.0387385
361,-0.47362387,-3.0087347
362,-0.49172056,-2.98179
363,-0.56540024,-2.940383
364,-0.43219882,-3.0395415
365,-0.51804066,-2.9479876
366,-0.5953908,-2.9101946
367,-0.5057984,-3.008021
368,-0.4444388,-3.0478961
369,-0.37208283,-2.997618
370,-0.31959045,-3.06654
371,-0.4924848,-2.9818597
372,-0.34530592,-3.0490315
373,-0.5318334,-3.0232935
374,-0.52030945,-3.0642734
375,-0.43380904,-2.9474816
376,-0.4352324,-2.9694796
377,-0.46329752,-2.9911418
378,-0.44672945,-2.998674
379,-0.4189718,-3.0026827
380,-0.36428976,-3.0483491
381,-0.56138885,-2.9728234
382,-0.47561434,-3.0406208
383,-0.5390476,-2.94257
384,-0.583238,-2.984274
385,-0.39157557,-3.0152292
386,-0.4784056,-3.0147142
387,-0.5083485,-2.9621
388,-0.5219454,-2.920253
389,-0.3394894,-3.008323
390,-0.5161238,-3.0316389
391,-0.46511528,-3.0588846
392,-0.4668604,-3.019157
393,-0.6217238,-2.8983397
394,-0.53774786,-2.919238
395,-0.48422077,-2.9572597
396,-0.41373277,-3.0029016
397,-0.5335088,-3.0775166
398,-0.40757662,-3.016206
399,-0.5836363,-2.9636803
400,-0.42007875,-2.9862516
401,-0.5796371,-2.9275725
402,-0.48245367,-2.9945052
403,-0.47374812,-2.9897208
404,-0.5644226,-2.9341018
405,-0.52169037,-2.9658165
406,-0.41640288,-3.0060983
407,-0.5230862,-3.063271
408,-0.43754992,-2.960173
409,-0.33935314,-3.062994
410,-0.5482836,-3.077202
411,-0.32555896,-3.047878
412,-0.4780287,-2.9770577
413,-0.43860376,-3.1014247
414,-0.60521567,-2.8944616
415,-0.44818047,-2.9973142
416,-0.49000466,-2.9671092
417,-0.36715788,-3.0351648
418,-0.50263894,-2.9547596
419,-0.51327354,-3.0049067
420,-0.56727827,-2.9789176
421,-0.44673052,-2.9838133
422,-0.5484675,-2.9694757
423,-0.51170075,-2.972892
424,-0.4359573,-3.0844707
425,-0.4513252,-3.0404618
426,-0.6126785,-2.973065
427,-0.5490226,-2.967576
428,-0.4332716,-3.0347383
429,-0.58920944,-3.0243168
430,-0.44164795,-3.07363
431,-0.5093377,-3.0455194
432,-0.36109447,-2.9709463
433,-0.4744868,-3.0181637
434,-0.401762,-3.0547009
435,-0.4538548,-2.9854987
436,-0.35130614,-3.068811
437,-0.4189632,-3.0769324
438,-0.41203672,-3.1039865
439,-0.5244436,-3.0586998
440,-0.5698539,-2.959628
441,-0.4350283,-2.9750915
442,-0.46250662,-3.0553823
443,-0.34223032,-3.0154316
444,-0.4866637,-3.040051
445,-0.468003,-3.0734491
446,-0.48762628,-3.0181038
447,-0.5586834,-2.9777517
448,-0.3896637,-3.099217
449,-0.40087742,-3.0238435
450,-0.4045313,-3.0512621
451,-0.46245715,-3.0273814
452,-0.4582673,-2.9954705
453,-0.41905257,-2.9859536
454,-0.45288327,-2.9412284
455,-0.5494534,-2.9206245
456,-0.5102513,-2.992599
457,-0.37816256,-2.9595702
458,-0.51981354,-3.0211976
459,-0.46590418,-2.9955478
460,-0.3409142,-2.998007
461,-0.5358683,-2.9872391
462,-0.33981097,-2.9885259
463,-0.49658677,-3.0035887
464,-0.5531712,-3.042776
465,-0.43163398,-3.0425713
466,-0.52932703,-3.0260556
467,-0.5097262,-2.9522505
468,-0.3191328,-3.0858915
469,-0.45848346,-3.0191948
470,-0.53536063,-3.0055485
471,-0.55676854,-2.9051785
472,-0.553385,-2.9786215
473,-0.46623552,-3.0274296
474,-0.51723933,-3.013533
475,-0.47843164,-3.0282097
476,-0.40100175,-3.037931
477,-0.39981502,-3.0122707
478,-0.552515,-2.9454997
479,-0.54950225,-2.903936
480,-0.50945973,-3.0580745
481,-0.38302302,-2.9966931
482,-0.6124921,-2.9182506
483,-0.34942663,-3.0819373
484,-0.52742714,-2.9285257
485,-0.47876167,-3.001647
486,-0.5240364,-2.9561253
487,-0.64780027,-2.937931
488,-0.29218733,-3.0558195
489,-0.416238,-3.0238197
490,-0.4668988,-3.022228
491,-0.6371781,-2.943107
492,-0.51112866,-3.0405908
493,-0.47469315,-3.039671
494,-0.4462218,-3.0777364
495,-0.52476263,-3.0179038
496,-0.42450494,-3.0372958
497,-0.47843236,-3.0173373
498,-0.52868164,-2.9938645
499,-0.40735555,-3.0039768
500,-0.37769377,-3.0724468
501,-0.44012198,-3.047091
502,-0.48979187,-3.0043955
503,-0.59241545,-2.9487882
504,-0.38265228,-3.0378683
505,-0.495166,-3.0119119
506,-0.58651084,-2.9222693
507,-0.5277084,-2.9625373
508,-0.38436973,-2.9568312
509,-0.5452408,-3.008387
510,-0.5279661,-2.9914875
511,-0.5464746,-2.953433
512,-0.5859259,-2.9329982
513,-0.46704745,-3.0086515
514,-0.46987674,-3.0515003
515,-0.5302801,-3.0146258
516,-0.54391634,-2.988409
517,-0.47716045,-3.0528357
518,-0.41036475,-3.0842934
519,-0.49289915,-3.040932
520,-0.5181286,-2.9821787
521,-0.36260206,-3.114999
522,-0.5697528,-2.9107795
523,-0.4753202,-2.9878943
524,-0.5036378,-2.982245
525,-0.42386332,-2.965522
526,-0.35945868,-3.0342152
527,-0.47139543,-3.031682
528,-0.39072686,-3.035574
529,-0.46950984,-3.069137
530,-0.54632103,-2.9708529
531,-0.4528878,-3.051727
532,-0.4416471,-2.9357738
533,-0.3384663,-3.0211556
534,-0.5696838,-3.016683
535,-0.33980793,-3.0601878
536,-0.566751,-3.0020165
537,-0.5321169,-2.9730692
538,-0.5425304,-3.0433393
539,-0.5202071,-2.9817307
540,-0.48158106,-2.9375746
541,-0.39668965,-3.0757015
542,-0.40064138,-2.9547248
543,-0.54418874,-2.9024386
544,-0.43550214,-3.0017362
545,-0.5242174,-2.9303002
546,-0.48103064,-2.9929535
547,-0.38304472,-3.040453
548,-0.597058,-2.9461653
549,-0.49535748,-2.98344
550,-0.5341351,-2.9941986
551,-0.45278364,-2.9725096
552,-0.46484944,-3.0303373
553,-0.44242492,-3.0086513
554,-0.66230893,-2.8984807
555,-0.6561426,-2.9156234
556,-0.4401568,-2.9159389
557,-0.5122992,-3.037159
558,-0.53927577,-2.960743
559,-0.44683126,-2.9682832
560,-0.5359982,-2.971667
561,-0.53399277,-2.9610775
562,-0.4671933,-3.0542655
563,-0.65898824,-2.862661
564,-0.46279743,-3.0614383
565,-0.2995544,-2.9842196
566,-0.5827218,-2.9272554
567,-0.53009105,-2.999706
568,-0.3958223,-3.0338774
569,-0.46620208,-2.9662294
570,-0.3671717,-3.0338874
571,-0.5113543,-3.040111
572,-0.56968576,-2.9957206
573,-0.48087898,-3.0309358
574,-0.3439622,-2.9957845
575,-0.5360214,-2.9876962
576,-0.4771399,-3.027553
577,-0.46949568,-2.9537044
578,-0.3893786,-3.0825362
579,-0.5418694,-2.9476814
580,-0.5185134,-2.9767253
581,-0.42618,-3.0519793
582,-0.6304606,-2.9163876
583,-0.46474877,-3.0376039
584,-0.4784946,-2.9677162
585,-0.36441815,-3.0598073
586,-0.4172443,-2.9694362
587,-0.46468502,-2.969146
588,-0.4841737,-3.0138206
589,-0.4725267,-3.034733
590,-0.3124143,-3.0716388
591,-0.50321746,-3.0201666
592,-0.45586425,-3.030902
593,-0.4838331,-3.0398235
594,-0.4516846,-2.9952416
595,-0.48777288,-2.9907465
596,-0.55431384,-2.9304447
597,-0.5244701,-2.9992118
598,-0.571685,-2.9095275
599,-0.39592528,-3.0320592
600,-0.54403985,-2.9973698
601,-0.45227903,-2.9559624
602,-0.47147518,-3.0316355
603,-0.43719506,-3.0517054
604,-0.64198864,-2.908217
605,-0.59104186,-2.871963
606,-0.3946584,-2.9937825
607,-0.42210603,-3.0605593
608,-0.5029619,-2.9216728
609,-0.4715102,-2.9822993
610,-0.38162792,-3.037567
611,-0.499322,-3.0218964
612,-0.44559512,-2.9702904
613,-0.28194565,-3.058546
614,-0.5100528,-3.0543
615,-0.5143399,-3.0064917
616,-0.37555116,-3.1274161
617,-0.52107733,-2.9891336
618,-0.5321984,-2.9684935
619,-0.35696673,-3.0096307
620,-0.49169835,-3.0446916
621,-0.58003044,-2.9930952
622,-0.531936,-3.025076
623,-0.37097108,-3.030103
624,-0.49696776,-3.0412073
625,-0.44711217,-3.013465
626,-0.56925803,-3.0427952
627,-0.5452208,-2.9811907
628,-0.48169142,-2.99793
629,-0.38742644,-3.0691988
630,-0.37371665,-2.9660797
631,-0.53316784,-3.0169983
632,-0.4616993,-2.9749906
633,-0.38042146,-3.0548334
634,-0.44309422,-3.0388384
635,-0.53289974,-2.9170275
636,-0.43084258,-3.0951424
637,-0.37370688,-3.0739377
638,-0.47999805,-3.0278878
639,-0.6753689,-2.9386363
640,-0.41568673,-3.0015783
641,-0.5629726,-2.986431
642,-0.5173475,-3.0373964
643,-0.5144595,-3.0150583
644,-0.5415721,-2.9728198
645,-0.4725924,-3.0028982
646,-0.33750075,-2.9603202
647,-0.5351404,-2.9382029
648,-0.52034044,-2.9791722
649,-0.61554766,-2.8984287
650,-0.54558915,-3.026184
651,-0.43253317,-3.0981991
652,-0.53032154,-3.012967
653,-0.47961655,-3.020815
654,-0.37816495,-3.0201802
655,-0.6321093,-2.9385555
656,-0.54728484,-3.0661871
657,-0.34201068,-3.1099906
658,-0.3263151,-3.0149047
659,-0.5439873,-3.0342686
660,-0.56458163,-2.9799485
661,-0.1607883,-3.126395
662,-0.38652623,-3.0655668
663,-0.5153613,-2.9438884
664,-0.47523683,-3.0178623
665,-0.53464264,-2.9468753
666,-0.4259028,-2.9736338
667,-0.42325217,-3.0205512
668,-0.5201625,-2.9747024
669,-0.41144043,-3.0628057
670,-0.42759058,-3.0166807
671,-0.37559724,-3.0762753
672,-0.6175585,-2.9192195
673,-0.4412272,-3.006233
674,-0.35976112,-3.0095222
675,-0.3802969,-3.0664103
676,-0.41237903,-3.0076838
677,-0.38405907,-3.0307572
678,-0.4366606,-3.0318933
679,-0.43393475,-3.068168
680,-0.48872447,-3.0760884
681,-0.57990146,-2.9057198
682,-0.43665427,-3.0136852
683,-0.3851508,-3.0518503
684,-0.44383547,-2.9866474
685,-0.5260618,-2.9906611
686,-0.51346624,-2.9748344
687,-0.4956041,-3.0339713
688,-0.58838105,-2.9329264
689,-0.3935051,-3.0687037
690,-0.43365672,-3.00688
691,-0.52806497,-2.983354
692,-0.3198098,-3.058951
693,-0.6117662,-3.0124092
694,-0.34998626,-3.0296311
695,-0.52490366,-2.8928137
696,-0.50050616,-2.9261858
697,-0.30144745,-3.0582728
698,-0.33181864,-3.0980158
699,-0.4213528,-3.0265307
700,-0.42455745,-3.026853
701,-0.54501325,-3.020443
702,-0.39530224,-3.007317
703,-0.3331353,-3.0819635
704,-0.30550176,-3.0609899
705,-0.3940863,-3.045835
706,-0.5518951,-2.89959
707,-0.48299813,-2.9172103
708,-0.3697986,-3.0507517
709,-0.32532638,-3.048634
710,-0.3978173,-3.011912
711,-0.4544427,-3.0697656
712,-0.4597364,-2.9296708
713,-0.39938164,-2.990717
714,-0.4241052,-3.0042577
715,-0.5426767,-2.9853354
716,-0.4776279,-3.0635822
717,-0.52942204,-3.0316334
718,-0.54622424,-2.8915248
719,-0.46223933,-3.0149703
720,-0.45376655,-2.9527538
721,-0.44510916,-3.0330482
722,-0.37719965,-3.0743277
723,-0.5236155,-2.9361572
724,-0.5531359,-2.9454854
725,-0.53323996,-2.9139132
726,-0.34424007,-2.9868538
727,-0.28871113,-3.009582
728,-0.37572342,-3.0041232
729,-0.44123766,-2.9877462
730,-0.46186152,-3.0436563
731,-0.49102968,-2.997592
732,-0.6191623,-2.9236612
733,-0.4217551,-3.026114
734,-0.46545148,-2.990004
735,-0.4223787,-3.0185812
736,-0.46713337,-3.1074057
737,-0.42922133,-3.0239422
738,-0.37529206,-3.0122175
739,-0.44037127,-2.9742548
740,-0.5173999,-2.9503849
741,-0.43294698,-2.9924326
742,-0.39416534,-3.0023093
743,-0.37837863,-3.062323
744,-0.44403434,-3.038415
745,-0.512761,-3.0183237
746,-0.294465,-3.094041
747,-0.61067784,-3.0104268
748,-0.4929648,-3.04215
749,-0.42419305,-3.0531683
750,-0.68789506,-2.8918371
751,-0.55787706,-3.0005593
752,-0.2948212,-3.0624337
753,-0.5720525,-2.9658005
754,-0.52277803,-3.0267763
755,-0.5621623,-2.9860067
756,-0.31584215,-3.0102901
757,-0.6335546,-2.9669664
758,-0.4984841,-3.062288
759,-0.4646817,-2.9878442
760,-0.35933453,-3.0856056
761,-0.52214664,-3.0000002
762,-0.6205822,-2.9392195
763,-0.4622448,-3.0077617
764,-0.43903846,-3.0649207
765,-0.48638633,-2.9986687
766,-0.3516633,-2.980729
767,-0.65216947,-2.9037976
768,-0.4763796,-3.0205064
769,-0.45502958,-2.978753
770,-0.5741893,-2.9569988
771,-0.56197333,-2.9856846
772,-0.6033049,-2.867501
773,-0.4921708,-3.0011103
774,-0.5187732,-3.0136018
775,-0.5696674,-2.991945
776,-0.371383,-2.9677129
777,-0.39908808,-3.0005155
778,-0.54438514,-2.9730856
779,-0.5585395,-2.9963052
780,-0.46213335,-3.0239298
781,-0.43187696,-3.0046878
782,-0.46139702,-2.9801004
783,-0.43406603,-3.0339637
784,-0.5096648,-2.9635487
785,-0.46766174,-2.9670877
786,-0.58281255,-2.90473
787,-0.4864385,-2.952333
788,-0.61572814,-2.9029033
789,-0.41731894,-2.9768744
790,-0.36504662,-3.0008984
791,-0.53736115,-2.9724412
792,-0.43523556,-3.0038693
793,-0.47743264,-3.0456147
794,-0.394987,-3.0335016
795,-0.4122234,-3.074484
796,-0.4244901,-3.0574799
797,-0.42071846,-3.031134
798,-0.40266407,-3.0010898
799,-0.479952,-2.9686923
800,-0.44063553,-3.0317395
801,-0.47982734,-3.0117831
802,-0.47046122,-2.9777675
803,-0.5648291,-3.0370958
804,-0.4832406,-3.0160358
805,-0.518534,-2.9939713
806,-0.5232756,-3.010736
807,-0.48327866,-3.0307672
808,-0.5112706,-3.0112267
809,-0.5687052,-2.9378753
810,-0.52608633,-3.007928
811,-0.5839571,-3.0058842
812,-0.5013361,-2.9786325
813,-0.43651658,-3.0699677
814,-0.39612353,-3.0179703
815,-0.55423343,-2.9841151
816,-0.56140786,-2.950471
817,-0.5336499,-2.9602191
818,-0.5170075,-2.9726963
819,-0.5594959,-3.0367346
820,-0.48484513,-3.0568776
821,-0.31754762,-3.0409276
822,-0.5841396,-2.9713576
823,-0.5725087,-3.017519
824,-0.40783668,-3.01424
825,-0.36824387,-3.0249786
826,-0.40452468,-3.0511394
827,-0.38163835,-3.0291774
828,-0.5207637,-2.9778218
829,-0.3777212,-3.073534
830,-0.523576,-3.017017
831,-0.5755651,-2.972803
832,-0.4551735,-3.0063055
833,-0.46868932,-3.035086
834,-0.53527856,-2.9485943
835,-0.47607946,-3.0455742
836,-0.56106055,-2.9445727
837,-0.6169582,-2.9056726
838,-0.44370243,-3.014282
839,-0.41173595,-3.0320284
840,-0.48466432,-2.988025
841,-0.43407682,-3.0737534
842,-0.448891,-3.0437162
843,-0.4784763,-3.0262127
844,-0.5282247,-2.996789
845,-0.3925653,-3.1009238
846,-0.53593075,-2.9947484
847,-0.3635955,-3.0429378
848,-0.46749905,-3.0424817
849,-0.46553758,-3.0065818
850,-0.47234425,-3.0614893
851,-0.6844264,-2.9593518
852,-0.61622834,-2.9781406
853,-0.48056176,-3.0169165
854,-0.45119184,-2.9787416
855,-0.50343966,-2.948405
856,-0.37161696,-3.030302
857,-0.42405206,-2.9919837
858,-0.62019986,-2.9152246
859,-0.61651504,-2.9345284
860,-0.33839554,-3.0362985
861,-0.42482242,-3.0513842
862,-0.37907195,-3.0211313
863,-0.5966966,-3.0029988
864,-0.38116693,-3.0654063
865,-0.4528637,-3.0593252
866,-0.49437398,-3.0397327
867,-0.46093848,-3.020799
868,-0.49543238,-2.978928
869,-0.40598464,-3.0627432
870,-0.4446775,-3.0597694
871,-0.5107869,-2.9951932
872,-0.45590445,-2.9868186
873,-0.49397582,-2.967919
874,-0.38109106,-3.088068
875,-0.43307942,-3.0318444
876,-0.341852,-3.1040058
877,-0.35797668,-3.0300562
878,-0.43376604,-3.0343478
879,-0.51845264,-3.0218241
880,-0.55842245,-3.0182207
881,-0.3047697,-3.0537672
882,-0.54478896,-2.9842465
883,-0.32330316,-3.0772164
884,-0.5633421,-2.9561462
885,-0.49303043,-3.006678
886,-0.56991446,-2.9788835
887,-0.5414997,-2.9063718
888,-0.49762094,-2.9918098
889,-0.5769298,-2.934448
890,-0.5979782,-2.9472344
891,-0.5890193,-2.944745
892,-0.39240032,-3.0214386
893,-0.48319647,-3.03546
894,-0.5828396,-2.9448206
895,-0.36363578,-3.0326495
896,-0.37393093,-2.98959
897,-0.4451235,-3.0554652
898,-0.54694474,-3.011954
899,-0.47091788,-3.0886297
900,-0.479493,-3.0083773
901,-0.5233425,-2.9712784
902,-0.4315192,-3.0208073
903,-0.5025296,-3.0454447
904,-0.54516125,-2.945381
905,-0.44237426,-3.0637238
906,-0.5284198,-2.945308
907,-0.11930466,-3.1070747
908,-0.44625148,-3.008021
909,-0.54745525,-2.883934
910,-0.536844,-3.0486634
911,-0.62747085,-2.9404335
912,-0.37548637,-2.9595141
913,-0.5326725,-2.94241
914,-0.39312106,-2.9651186
915,-0.4946571,-3.0375621
916,-0.5842997,-2.8607645
917,-0.42102107,-3.073433
918,-0.6539338,-2.828385
919,-0.33112824,-3.049607
920,-0.442244,-3.0488684
921,-0.50698864,-3.073604
922,-0.41976932,-3.0333042
923,-0.50905055,-3.0021372
924,-0.40730828,-2.9788897
925,-0.35932618,-3.039395
926,-0.6167108,-2.860964
927,-0.37725902,-3.0833097
928,-0.51154876,-2.9520798
929,-0.52685726,-3.0443518
930,-0.35178387,-3.037334
931,-0.49152645,-2.9732869
932,-0.58183837,-2.9626522
933,-0.43508342,-2.991212
934,-0.51916194,-2.9953132
935,-0.5306906,-2.9346387
936,-0.5041703,-3.0001566
937,-0.45992273,-2.9902692
938,-0.47822577,-2.956321
939,-0.6035041,-2.8935297
940,-0.42948255,-2.9984393
941,-0.48363224,-3.045125
942,-0.55499035,-2.9582424
943,-0.44843364,-2.9918118
944,-0.35933667,-3.0724185
945,-0.60344887,-3.006793
946,-0.47581708,-2.9912038
947,-0.40835303,-3.0732975
948,-0.4412273,-3.01193
949,-0.42014787,-3.0496392
950,-0.43813246,-3.0568202
951,-0.28478688,-3.0402281
952,-0.50816965,-3.0128875
953,-0.47956002,-2.9862583
954,-0.43910372,-3.0439446
955,-0.4642339,-3.005343
956,-0.51957613,-2.922545
957,-0.43182072,-3.0819206
958,-0.469813,-2.9943132
959,-0.48762456,-2.9608645
960,-0.39272416,-3.0277114
961,-0.4679918,-3.0500834
962,-0.3949147,-3.075739
963,-0.5541159,-3.0046706
964,-0.49689177,-2.971715
965,-0.5368184,-3.026889
966,-0.4663888,-3.0119047
967,-0.5502458,-2.9844356
968,-0.6377973,-2.97827
969,-0.55459785,-2.939714
970,-0.3985827,-3.0415912
971,-0.4387121,-3.0340054
972,-0.47779283,-2.974366
973,-0.38916987,-3.0596647
974,-0.46189424,-3.0479138
975,-0.61501324,-2.90833
976,-0.49960944,-3.0137305
977,-0.58124447,-2.9608207
978,-0.47438723,-3.002423
979,-0.512305,-3.0156462
980,-0.5780171,-2.9758573
981,-0.55736583,-3.0033605
982,-0.5518377,-3.0329804
983,-0.4580002,-3.0411625
984,-0.3928926,-3.1008964
985,-0.408251,-3.0770488
986,-0.52302665,-3.022273
987,-0.47278205,-3.040098
988,-0.4596047,-2.9498332
989,-0.5005169,-3.047727
990,-0.5633948,-2.8951283
991,-0.5069455,-2.9737158
992,-0.479198,-2.9672263
993,-0.65676314,-2.9734416
994,-0.53159785,-3.0233636
995,-0.537127,-2.9149206
996,-0.49572867,-3.0025759
997,-0.4479693,-3.0715928
998,-0.4097547,-3.0840971
999,-0.40935862,-3.030758
1000,-0.3429829,-3.1029906
1001,-0.48376343,-3.0000753
1002,-0.41862676,-3.0258694
1003,-0.46643475,-2.9682598
1004,-0.5294095,-2.9691978
1005,-0.45316797,-2.9738731
1006,-0.3916812,-3.0595784
1007,-0.4737168,-2.9575965
1008,-0.42472595,-3.043028
1009,-0.48531726,-2.9977472
1010,-0.42002857,-3.0381746
1011,-0.43588117,-3.0204744
1012,-0.48626992,-2.9292996
1013,-0.5932398,-2.9397347
1014,-0.3510297,-3.0870037
1015,-0.44400257,-2.953753
1016,-0.5661273,-3.0196366
1017,-0.67171735,-2.9236248
1018,-0.52253336,-2.9289937
1019,-0.52207565,-2.9756973
1020,-0.5851599,-2.9673767
1021,-0.40799713,-3.0328088
1022,-0.4692852,-3.0380788
1023,-0.44518968,-3.0529838
1024,-0.6291611,-2.9915936
1025,-0.4588592,-3.001965
1026,-0.45250764,-3.0251539
1027,-0.5781659,-2.9055796
1028,-0.40466696,-3.0048597
1029,-0.5290506,-2.9617953
1030,-0.54517627,-2.9908543
1031,-0.63939774,-2.9266455
1032,-0.5367753,-2.998825
1033,-0.5375501,-2.9848804
1034,-0.4789997,-3.0400834
1035,-0.4948945,-3.0410147
1036,-0.4445977,-2.9896708
1037,-0.5852752,-3.0379772
1038,-0.56366754,-3.0401995
1039,-0.47797143,-3.0649197
1040,-0.5994751,-2.9163475
1041,-0.56350803,-3.009402
1042,-0.41460752,-3.0609546
1043,-0.47696286,-3.011108
1044,-0.33475024,-3.0076945
1045,-0.56664014,-2.9671297
1046,-0.56436086,-2.889955
1047,-0.4317055,-3.0045254
1048,-0.55522805,-3.0060978
1049,-0.46206784,-3.0190766
1050,-0.36910915,-3.0150657
1051,-0.5294424,-2.9337895
1052,-0.47970757,-3.0380528
1053,-0.43054003,-3.0442426
1054,-0.40765196,-2.9770644
1055,-0.4342111,-3.0213833
1056,-0.55699646,-2.9243867
1057,-0.35931927,-2.9872332
1058,-0.27947992,-3.0913913
1059,-0.40974218,-2.9767606
1060,-0.44924632,-3.084206
1061,-0.448552,-2.9890218
1062,-0.32767653,-3.0411031
1063,-0.569735,-2.9427567
1064,-0.44082093,-2.9700513
1065,-0.444545,-3.0311024
1066,-0.3438496,-3.1325698
1067,-0.408813,-3.126226
1068,-0.40606517,-2.9992938
1069,-0.52601385,-3.0490427
1070,-0.26002306,-3.0394258
1071,-0.532313,-2.9628725
1072,-0.4352036,-3.0683832
1073,-0.4909515,-2.9118066
1074,-0.5136961,-3.0272377
1075,-0.47213247,-2.974931
1076,-0.40600455,-2.9937377
1077,-0.4518626,-2.935484
1078,-0.30144137,-3.0678134
1079,-0.4226535,-3.0259535
1080,-0.34945732,-3.0193365
1081,-0.5389315,-2.989808
1082,-0.38626045,-2.9700794
1083,-0.51764154,-2.9744306
1084,-0.43981376,-3.006976
1085,-0.2752018,-3.108384
1086,-0.42648524,-3.048452
1087,-0.59481144,-2.968019
1088,-0.5026506,-2.989996
1089,-0.45015073,-3.0610442
1090,-0.4197548,-3.068047
1091,-0.5631043,-3.046463
1092,-0.56869376,-2.9644375
1093,-0.5246171,-2.9703054
1094,-0.53283036,-2.9608154
1095,-0.43122873,-3.007042
1096,-0.5571182,-2.9583244
1097,-0.41166276,-2.9338355
1098,-0.40049493,-3.0410445
1099,-0.5773741,-3.0637312
1100,-0.51273996,-2.9671206
1101,-0.54527354,-3.029507
1102,-0.5423241,-2.9980805
1103,-0.5596649,-2.9443548
1104,-0.5108702,-3.0276535
1105,-0.46436387,-3.0223866
1106,-0.43332598,-3.0203624
1107,-0.45670697,-2.9357498
1108,-0.6391983,-2.9629812
1109,-0.50456923,-3.0177467
1110,-0.49022898,-3.0747988
1111,-0.44117278,-2.9945264
1112,-0.48560897,-3.0098672
1113,-0.5440507,-2.9704268
1114,-0.4123115,-3.0461545
1115,-0.5226827,-3.022736
1116,-0.62305737,-2.9147863
1117,-0.37740493,-2.997878
1118,-0.40887433,-3.0569906
1119,-0.46032864,-2.9705303
1120,-0.5258459,-3.015102
1121,-0.5861825,-2.8782687
1122,-0.4609866,-3.0208426
1123,-0.3865316,-2.9866714
1124,-0.3650278,-3.0935442
1125,-0.4956318,-3.1058068
1126,-0.44315195,-2.9515944
1127,-0.55220085,-2.9476001
1128,-0.32954174,-2.9762354
1129,-0.4466597,-3.023519
1130,-0.50200593,-3.028719
1131,-0.4829839,-2.9150114
1132,-0.55973893,-2.9792714
1133,-0.4783088,-2.9563034
1134,-0.54135597,-2.9900188
1135,-0.28126442,-3.0127265
1136,-0.45998314,-3.0501132
1137,-0.5310401,-2.9885306
1138,-0.40895087,-2.9388962
1139,-0.51667213,-2.9942093
1140,-0.41179544,-2.9694839
1141,-0.36321855,-3.0107758
1142,-0.5114658,-2.933085
1143,-0.6532684,-2.9298742
1144,-0.56481886,-2.8344517
1145,-0.5401993,-2.9995184
1146,-0.42981768,-3.0324073
1147,-0.5061475,-3.0307379
1148,-0.60036314,-3.0224752
1149,-0.51578605,-3.0269787
1150,-0.43123317,-3.0501919
1151,-0.54659104,-2.8730628
1152,-0.5326508,-3.0338972
1153,-0.52516806,-3.0022342
1154,-0.36930913,-3.0624218
1155,-0.49575102,-2.9874494
1156,-0.36278117,-3.039875
1157,-0.50156033,-3.0052047
1158,-0.389511,-3.0338583
1159,-0.43491477,-3.0078433
1160,-0.51137686,-2.9809926
1161,-0.43862918,-2.999493
1162,-0.40544587,-2.9819245
1163,-0.484108,-2.978348
1164,-0.53882873,-3.0270252
1165,-0.46873274,-3.0279288
1166,-0.60917765,-2.9545808
1167,-0.44562265,-2.975609
1168,-0.5017321,-2.9509165
1169,-0.5169636,-3.0304303
1170,-0.33718818,-3.0577908
1171,-0.5882971,-2.9814582
1172,-0.29807,-3.0200438
1173,-0.55504453,-3.0182228
1174,-0.38296443,-3.022791
1175,-0.17607075,-3.08246
1176,-0.5397742,-2.9284115
1177,-0.39409578,-3.0987887
1178,-0.37258315,-2.9845343
1179,-0.51141256,-3.017748
1180,-0.45349365,-3.0352776
1181,-0.4209472,-3.0873551
1182,-0.41007012,-3.0194077
1183,-0.5603709,-2.894481
1184,-0.5891013,-2.9530516
1185,-0.43206358,-2.9496694
1186,-0.38830507,-3.0682275
1187,-0.50364554,-3.0225878
1188,-0.5254562,-2.9959655
1189,-0.5111147,-2.9925046
1190,-0.37860453,-3.0309525
1191,-0.5220797,-3.0161738
1192,-0.39056295,-2.985652
1193,-0.5096576,-3.005723
1194,-0.3625421,-3.067723
1195,-0.45303652,-3.036094
1196,-0.30536664,-3.0752077
1197,-0.37597024,-3.0382276
1198,-0.4244619,-3.0505204
1199,-0.497932,-3.0105116
1200,-0.55116796,-2.9453976
1201,-0.5162138,-3.0815356
1202,-0.63017154,-2.935636
1203,-0.5646763,-2.9637053
1204,-0.41250432,-3.0273294
1205,-0.37086433,-3.0185142
1206,-0.60190594,-2.9469461
1207,-0.6192818,-2.8821442
1208,-0.4897226,-2.9932003
1209,-0.47588515,-2.9923153
1210,-0.41666874,-3.008353
1211,-0.422191,-3.0486681
1212,-0.41943195,-3.0396888
1213,-0.5210879,-2.9993942
1214,-0.43428978,-3.026647
1215,-0.39882946,-2.9433594
1216,-0.4198252,-3.036506
1217,-0.5452719,-3.0406682
1218,-0.4312994,-3.0411634
1219,-0.46335563,-3.0476751
1220,-0.618758,-2.9634423
1221,-0.50559235,-3.0673704
1222,-0.5001822,-3.0267346
1223,-0.51010764,-2.9923146
1224,-0.36655563,-2.9766996
1225,-0.5143887,-3.0520983
1226,-0.40927076,-3.0243528
1227,-0.3963462,-3.0208683
1228,-0.32469773,-3.1159844
1229,-0.45090702,-3.0201242
1230,-0.50066686,-3.060562
1231,-0.49794662,-2.985417
1232,-0.3956865,-3.0046458
1233,-0.38331205,-3.0538554
1234,-0.42167372,-3.0387537
1235,-0.39672577,-3.0565438
1236,-0.4536293,-3.0115595
1237,-0.37346554,-3.0859413
1238,-0.507187,-2.9271753
1239,-0.6348969,-2.9805732
1240,-0.53812766,-2.952328
1241,-0.44143102,-3.0074825
1242,-0.53314567,-2.95387
1243,-0.4344725,-3.0762384
1244,-0.36684364,-3.0543668
1245,-0.5509495,-2.997054
1246,-0.377151,-3.0747776
1247,-0.5378957,-2.95196
1248,-0.24993294,-3.0217578
1249,-0.5536324,-2.9672961
1250,-0.40792072,-3.1067905
1251,-0.3043024,-3.0766878
1252,-0.5058036,-2.94374
1253,-0.4318292,-3.00484
1254,-0.4092453,-3.0478787
1255,-0.357042,-2.989915
1256,-0.7033012,-2.886217
1257,-0.40413225,-3.0755448
1258,-0.39125508,-2.9933825
1259,-0.5850252,-2.9687667
1260,-0.46180397,-3.0078511
1261,-0.50526226,-2.977326
1262,-0.5997678,-3.0154061
1263,-0.62821954,-2.922505
1264,-0.50808084,-2.976198
1265,-0.5337229,-2.9702363
1266,-0.57500494,-2.9176593
1267,-0.54329884,-3.0625
1268,-0.5681023,-2.9279542
1269,-0.39979833,-2.9413495
1270,-0.44043353,-3.0800781
1271,-0.55543196,-2.9820492
1272,-0.3460716,-3.0630553
1273,-0.48804924,-2.9638898
1274,-0.4748749,-3.0050611
1275,-0.32246035,-2.9894114
1276,-0.4891353,-2.9531784
1277,-0.3898549,-2.987876
1278,-0.60775304,-2.9721894
1279,-0.41478992,-3.0442152
1280,-0.38236868,-3.0434558
1281,-0.48378244,-3.0035553
1282,-0.47945893,-2.941709
1283,-0.47920012,-3.027152
1284,-0.4494808,-2.969511
1285,-0.374704,-3.021247
1286,-0.19345403,-3.0401058
1287,-0.5361784,-3.0537884
1288,-0.4570921,-3.0061827
1289,-0.46705374,-2.9929447
1290,-0.44089246,-2.9609294
1291,-0.38360405,-3.0227454
1292,-0.47147596,-2.9984434
1293,-0.40163726,-3.053399
1294,-0.41931647,-3.0573988
1295,-0.4923254,-3.0426767
1296,-0.4675342,-2.9762712
1297,-0.5600511,-3.0067253
1298,-0.43248525,-2.9789958
1299,-0.40667105,-3.0384698
1300,-0.47181168,-3.0497618
1301,-0.48657417,-3.0271769
1302,-0.46471593,-3.003525
1303,-0.55562305,-2.9690711
1304,-0.49165004,-2.938967
1305,-0.6751195,-2.894981
1306,-0.4270067,-3.009939
1307,-0.46548578,-3.0470507
1308,-0.5059105,-3.0280032
1309,-0.522914,-2.9952924
1310,-0.5453993,-2.9763732
1311,-0.65518755,-2.920157
1312,-0.53181255,-3.0175757
1313,-0.4650524,-3.0321414
1314,-0.55153346,-2.8915675
1315,-0.46133947,-3.0273108
1316,-0.51579237,-2.9450226
1317,-0.485338,-3.0176759
1318,-0.4576092,-3.0677297
1319,-0.46969634,-2.9361567
1320,-0.5021211,-2.9423459
1321,-0.37219054,-3.0651202
1322,-0.50070494,-3.041557
1323,-0.40866077,-3.0786672
1324,-0.5449618,-2.9700677
1325,-0.52059984,-2.9934895
1326,-0.45877814,-3.0141215
1327,-0.5134734,-2.9776266
1328,-0.4990121,-2.987124
1329,-0.5362936,-2.990419
1330,-0.39900017,-2.996067
1331,-0.46112868,-2.9906936
1332,-0.45332086,-2.9407861
1333,-0.4952558,-3.0192997
1334,-0.457457,-2.9442108
1335,-0.5025176,-3.036581
1336,-0.5150935,-3.047823
1337,-0.34153104,-3.0258772
1338,-0.39278865,-3.0218875
1339,-0.49259117,-2.9616427
1340,-0.4699197,-3.0132473
1341,-0.49931693,-2.9606934
1342,-0.68316996,-2.8669372
1343,-0.51884747,-2.9659166
1344,-0.40816277,-3.0587785
1345,-0.5605097,-2.9580283
1346,-0.41609627,-2.9485977
1347,-0.5417545,-2.9965081
1348,-0.5480945,-2.9261293
1349,-0.4827001,-3.0288754
1350,-0.50406337,-3.0772624
1351,-0.3381198,-3.0032778
1352,-0.4506034,-3.0199208
1353,-0.47787473,-3.0872278
1354,-0.56634307,-3.0510306
1355,-0.32603997,-3.0569832
1356,-0.53725785,-2.9932027
1357,-0.6194687,-3.019908
1358,-0.35576344,-3.0323517
1359,-0.52264607,-2.9937453
1360,-0.38495386,-3.0255892
1361,-0.50478464,-2.939817
1362,-0.3642264,-3.0956817
1363,-0.3313284,-3.1023612
1364,-0.55960184,-3.0195425
1365,-0.44093713,-3.0999827
1366,-0.5117272,-3.0398808
1367,-0.4715453,-2.9975219
1368,-0.58528733,-3.0034857
1369,-0.53365433,-2.9879842
1370,-0.522792,-2.9560087
1371,-0.2802856,-3.0289564
1372,-0.4112957,-3.030331
1373,-0.5516795,-2.9457543
1374,-0.48047122,-2.999103
1375,-0.49799633,-3.0681014
1376,-0.4631875,-3.0366495
1377,-0.3966574,-3.0107982
1378,-0.40405983,-3.0690455
1379,-0.4729465,-3.0040255
1380,-0.3604169,-3.1057029
1381,-0.4666976,-3.0236022
1382,-0.46370462,-2.9936156
1383,-0.4568657,-3.0679965
1384,-0.45442548,-2.9835353
1385,-0.6189183,-2.8787706
1386,-0.54052943,-2.959766
1387,-0.27452588,-3.0527446
1388,-0.5919651,-2.9199991
1389,-0.47430792,-2.9811602
1390,-0.42754063,-2.9813468
1391,-0.36413443,-3.020389
1392,-0.47843283,-3.0002797
1393,-0.5379568,-2.9598417
1394,-0.526136,-2.961215
1395,-0.43395963,-3.0235376
1396,-0.5776758,-2.856088
1397,-0.4725803,-2.9275823
1398,-0.4001978,-3.0642943
1399,-0.542573,-2.983817
1400,-0.5212368,-2.9687016
1401,-0.539813,-2.9188676
1402,-0.4699794,-3.0013056
1403,-0.39534628,-3.08734
1404,-0.5398258,-2.9931636
1405,-0.45314187,-2.9951622
1406,-0.35943216,-3.0492187
1407,-0.5403793,-2.9085917
1408,-0.47530127,-3.0133064
1409,-0.52864444,-3.0233624
1410,-0.5595906,-2.9693596
1411,-0.36706793,-2.933175
1412,-0.4597134,-2.995231
1413,-0.4201213,-3.0822635
1414,-0.4492214,-2.9803224
1415,-0.4096232,-2.9668694
1416,-0.5297389,-2.9319322
1417,-0.4101262,-3.0381968
1418,-0.45476615,-3.0310864
1419,-0.39876705,-3.014664
1420,-0.49844673,-3.0132704
1421,-0.5422568,-3.0017881
1422,-0.4069754,-3.0556865
1423,-0.5624156,-3.0202403
1424,-0.40327394,-3.0392182
1425,-0.45048985,-3.0556076
1426,-0.68063545,-2.922299
1427,-0.44986895,-3.0402327
1428,-0.48720714,-3.0061986
1429,-0.461282,-2.926263
1430,-0.5151901,-3.049998
1431,-0.51611984,-3.039244
1432,-0.43717122,-3.02545
1433,-0.38517362,-2.948216
1434,-0.5335245,-3.006248
1435,-0.4685441,-3.0250492
1436,-0.3839591,-2.9668527
1437,-0.5239756,-2.998886
1438,-0.462984,-3.0663028
1439,-0.4008143,-3.028761
1440,-0.483908,-2.9587407
1441,-0.57464635,-3.0748243
1442,-0.47843263,-3.008438
1443,-0.30760485,-2.955774
1444,-0.51642096,-2.9793458
1445,-0.55688924,-2.9405417
1446,-0.4738836,-2.9464989
1447,-0.48081884,-3.0521948
1448,-0.5534136,-2.927086
1449,-0.4041257,-2.9619248
1450,-0.50649655,-2.9449372
1451,-0.5088204,-3.0784364
1452,-0.4177222,-2.9728317
1453,-0.48396108,-2.9736748
1454,-0.5032156,-3.0762224
1455,-0.53793645,-2.966608
1456,-0.47277293,-2.9865081
1457,-0.56735766,-3.0289872
1458,-0.5123522,-2.914015
1459,-0.3297249,-2.9416513
1460,-0.477851,-3.0520988
1461,-0.30264682,-3.0520117
1462,-0.5190162,-2.987336
1463,-0.42398065,-3.0393744
1464,-0.5021602,-3.0584798
1465,-0.6941804,-2.8806028
1466,-0.51868135,-2.980417
1467,-0.48395365,-2.9403126
1468,-0.45507315,-2.8983037
1469,-0.54755324,-2.9972665
1470,-0.4573552,-3.0737057
1471,-0.42386144,-3.027977
1472,-0.4450615,-2.996845
1473,-0.6133268,-2.9348187
1474,-0.6370479,-2.8676996
1475,-0.5480357,-3.0138113
1476,-0.31967938,-3.1107674
1477,-0.5696356,-3.009864
1478,-0.4241985,-3.0278275
1479,-0.4969876,-3.0029998
1480,-0.50768197,-3.027207
1481,-0.54804254,-2.948039
1482,-0.39450872,-2.9910562
1483,-0.5740224,-3.0380073
1484,-0.48461813,-3.051885
1485,-0.56629646,-2.9144485
1486,-0.2931676,-2.9343321
1487,-0.45097244,-2.9817922
1488,-0.53626025,-3.0159607
1489,-0.596123,-3.0005708
1490,-0.45034567,-2.9443836
1491,-0.61571443,-2.984166
1492,-0.41350436,-3.0295596
1493,-0.49700382,-2.996573
1494,-0.5785529,-2.9658766
1495,-0.3936575,-2.9660165
1496,-0.46838245,-2.9528205
1497,-0.35598123,-2.9721243
1498,-0.44014713,-3.0319872
1499,-0.54114425,-2.9866421
1500,-0.56127644,-2.9914806
1501,-0.50901055,-2.9960446
1502,-0.51117206,-3.036854
1503,-0.55802387,-2.997406
1504,-0.44584346,-2.9782386
1505,-0.502466,-2.9627464
1506,-0.5563172,-2.9636087
1507,-0.47612697,-2.9809766
1508,-0.3914737,-3.0991879
1509,-0.60472167,-2.9106543
1510,-0.6838436,-2.8995242
1511,-0.50544065,-2.9670806
1512,-0.5014514,-2.9682887
1513,-0.45542237,-2.995879
1514,-0.48569864,-2.9998016
1515,-0.5146987,-3.0047326
1516,-0.55070853,-3.0402691
1517,-0.40577823,-3.043795
1518,-0.4528617,-3.0084877
1519,-0.4942145,-3.0331278
1520,-0.53404,-2.9743104
1521,-0.3513505,-3.074834
1522,-0.29957134,-3.0760236
1523,-0.612051,-2.9319727
1524,-0.5003345,-3.045354
1525,-0.39259136,-2.9735339
1526,-0.48920968,-3.054067
1527,-0.4172156,-3.0717106
1528,-0.52061796,-2.9984074
1529,-0.34097892,-2.9865422
1530,-0.46481156,-2.9441745
1531,-0.5987562,-2.9677377
1532,-0.5125307,-3.0038745
1533,-0.38877273,-3.0954373
1534,-0.47863358,-2.9965415
1535,-0.539035,-2.9868922
1536,-0.51400495,-2.9407992
1537,-0.57789326,-2.9064984
1538,-0.41119623,-3.0193596
1539,-0.56922317,-2.9679866
1540,-0.51936513,-2.9641967
1541,-0.43688577,-3.0109916
1542,-0.47355732,-3.019837
1543,-0.42943266,-3.0393515
1544,-0.3719942,-3.0227354
1545,-0.5504612,-3.0023606
1546,-0.47017,-2.9654903
1547,-0.48795262,-3.0169506
1548,-0.43095317,-3.0181775
1549,-0.30842125,-3.0350165
1550,-0.51997876,-3.0291634
1551,-0.44081876,-2.9708943
1552,-0.4430676,-3.0401819
1553,-0.47063118,-3.0030289
1554,-0.4151479,-3.0576305
1555,-0.43308198,-3.0263953
1556,-0.459536,-2.9680407
1557,-0.5365869,-2.9689832
1558,-0.34492058,-3.057497
1559,-0.54968685,-2.9877849
1560,-0.012913406,-3.1123343
1561,-0.5104082,-3.0648274
1562,-0.4862798,-3.0322604
1563,-0.4319322,-3.09229
1564,-0.3831026,-3.05261
1565,-0.46564826,-3.0518565
1566,-0.4553024,-3.1018133
1567,-0.5641035,-2.885509
1568,-0.32089025,-2.988894
1569,-0.31777233,-3.019137
1570,-0.5229557,-2.9618423
1571,-0.5917554,-2.9503806
1572,-0.48151538,-2.99902
1573,-0.4020781,-3.000084
1574,-0.569772,-2.9190216
1575,-0.2946614,-3.0426245
1576,-0.5771923,-2.9598148
1577,-0.45726854,-2.9721298
1578,-0.53803384,-2.920158
1579,-0.6120694,-2.9773476
1580,-0.46377048,-2.943817
1581,-0.5574363,-2.9657254
1582,-0.38228738,-3.0192719
1583,-0.4734746,-3.0140898
1584,-0.46424595,-3.0131865
1585,-0.5677849,-2.964129
1586,-0.29914892,-3.0438159
1587,-0.4834213,-2.9778275
1588,-0.43089098,-3.0077004
1589,-0.41918063,-2.9944675
1590,-0.66149616,-2.9258235
1591,-0.56546205,-2.914255
1592,-0.54106,-2.9838223
1593,-0.36876792,-3.0810122
1594,-0.51301146,-3.0003288
1595,-0.13510066,-3.04844
1596,-0.404114,-3.0136392
1597,-0.3771127,-3.0661945
1598,-0.5220368,-2.996502
1599,-0.5249269,-3.0261059
1600,-0.45700175,-3.0434551
1601,-0.4809171,-2.924463
1602,-0.5101318,-2.9213223
1603,-0.30925852,-3.0627236
1604,-0.54408145,-2.9793172
1605,-0.5274159,-3.040542
1606,-0.36919993,-3.036376
1607,-0.57493436,-2.9451098
1608,-0.49650106,-2.9248843
1609,-0.4636186,-3.037054
1610,-0.47833037,-2.9824176
1611,-0.3600011,-3.0570076
1612,-0.6270845,-2.9809422
1613,-0.33469594,-3.073332
1614,-0.5695627,-2.9548137
1615,-0.39981973,-3.1079803
1616,-0.40380985,-3.0843458
1617,-0.49637136,-2.9556534
1618,-0.4219156,-2.9881015
1619,-0.5013106,-2.992533
1620,-0.35593855,-3.031106
1621,-0.43580225,-2.946411
1622,-0.53981614,-2.8988192
1623,-0.4755192,-3.008556
1624,-0.41059196,-2.9520297
1625,-0.56664574,-3.079879
1626,-0.53827107,-2.9832768
1627,-0.6190486,-3.0016897
1628,-0.50211775,-3.0173144
1629,-0.5169952,-2.968124
1630,-0.37663478,-3.0550623
1631,-0.43902552,-3.0484507
1632,-0.43456343,-3.070144
1633,-0.593222,-2.9877293
1634,-0.4307102,-2.9655967
1635,-0.5796252,-2.9913268
1636,-0.4798686,-2.9831662
1637,-0.36772144,-3.058848
1638,-0.5347285,-3.0666592
1639,-0.3719499,-3.011994
1640,-0.52709,-3.020049
1641,-0.5022603,-2.9594579
1642,-0.44992703,-3.0218213
1643,-0.5115201,-2.9514647
1644,-0.42827535,-3.0507667
1645,-0.44466674,-2.9569266
1646,-0.44644958,-2.9934373
1647,-0.39347786,-3.0688777
1648,-0.48373714,-2.9735188
1649,-0.5364255,-2.971502
1650,-0.4026389,-3.0650966
1651,-0.5155524,-2.9422426
1652,-0.6327065,-2.9241693
1653,-0.35095245,-2.99129
1654,-0.54708385,-2.9844007
1655,-0.47282746,-3.0285134
1656,-0.4299528,-2.9735417
1657,-0.5015842,-3.0053682
1658,-0.42332098,-3.0458233
1659,-0.5807861,-2.9961782
1660,-0.34045988,-3.0541399
1661,-0.5599623,-3.0612445
1662,-0.4642306,-2.9422517
1663,-0.5309144,-2.946089
1664,-0.5120129,-3.0414686
1665,-0.5512196,-2.9961135
1666,-0.4733864,-3.0012348
1667,-0.34319478,-3.0516672
1668,-0.46164322,-2.9807541
1669,-0.57900226,-2.937884
1670,-0.42464638,-3.0149817
1671,-0.4586746,-3.0067234
1672,-0.38000816,-3.0305805
1673,-0.4243569,-3.041432
1674,-0.5874627,-2.9992406
1675,-0.4912501,-3.0919147
1676,-0.5597259,-2.941268
1677,-0.5582453,-2.997244
1678,-0.54673743,-2.9384952
1679,-0.48321605,-3.0408716
1680,-0.4578358,-3.049475
1681,-0.4188438,-3.0183027
1682,-0.57858455,-2.998207
1683,-0.5057658,-3.0333867
1684,-0.38860154,-3.024567
1685,-0.45662668,-2.9613056
1686,-0.51815903,-3.0071805
1687,-0.6614255,-2.8586488
1688,-0.33338946,-3.0901299
1689,-0.44442523,-2.974178
1690,-0.33576417,-3.005873
1691,-0.5510498,-3.0491166
1692,-0.40349102,-3.0277958
1693,-0.48803797,-2.9248965
1694,-0.39798373,-2.9947922
1695,-0.41988236,-3.0255804
1696,-0.47482857,-3.0670705
1697,-0.52048993,-3.0108042
1698,-0.32574826,-3.030766
1699,-0.36608315,-2.9750538
1700,-0.4522071,-3.037752
1701,-0.47655126,-3.0283945
1702,-0.5755762,-2.9780502
1703,-0.4093644,-2.9809494
1704,-0.4982362,-2.9376664
1705,-0.45221493,-2.9917555
1706,-0.43844187,-3.0453057
1707,-0.4325175,-3.016325
1708,-0.47081015,-3.0201292
1709,-0.36979437,-3.0458899
1710,-0.120079875,-3.0511906
1711,-0.55044305,-3.0318866
1712,-0.43473008,-2.9789495
1713,-0.6005292,-2.9400353
1714,-0.4694604,-3.0222738
1715,-0.5301984,-3.0039077
1716,-0.37307072,-3.0506482
1717,-0.5581112,-2.9926896
1718,-0.6184606,-2.9233603
1719,-0.5954554,-2.9221768
1720,-0.4841154,-2.9620595
1721,-0.628356,-2.9346747
1722,-0.3077705,-3.1084256
1723,-0.6296421,-2.9154055
1724,-0.3874129,-3.0114722
1725,-0.35734576,-3.0239716
1726,-0.4234432,-2.992744
1727,-0.40435302,-3.0934796
1728,-0.63095313,-3.0325365
1729,-0.5224854,-2.9498158
1730,-0.47256893,-2.9900455
1731,-0.5476504,-3.0568838
1732,-0.43938857,-2.9620218
1733,-0.5244006,-3.0346327
1734,-0.36616153,-3.056632
1735,-0.4655572,-2.918796
1736,-0.4380725,-2.9289465
1737,-0.41466832,-2.9712589
1738,-0.41274744,-3.0871587
1739,-0.5460781,-2.9744654
1740,-0.48873243,-3.0023832
1741,-0.46898624,-2.9274173
1742,-0.4497567,-2.9997873
1743,-0.61930215,-2.8788457
1744,-0.459672,-2.9746954
1745,-0.37351447,-3.0107393
1746,-0.3892634,-3.036337
1747,-0.38443136,-3.0203679
1748,-0.4699474,-2.9855175
1749,-0.38152117,-2.9556046
1750,-0.40228063,-2.997242
1751,-0.49481696,-2.9532993
1752,-0.45855844,-3.0212922
1753,-0.55927867,-2.9930859
1754,-0.3844139,-2.95542
1755,-0.51930153,-3.0270839
1756,-0.57517385,-3.0103953
1757,-0.49391115,-2.9591575
1758,-0.40686667,-3.0693047
1759,-0.51241994,-2.9936957
1760,-0.5645,-2.9282818
1761,-0.35564148,-3.0236766
1762,-0.49704492,-2.9827046
1763,-0.5108062,-2.9846554
1764,-0.48595074,-2.9813485
1765,-0.5125737,-2.9765563
1766,-0.5192523,-2.9416952
1767,-0.4909778,-2.9673986
1768,-0.4059611,-2.9561207
1769,-0.4426206,-3.0753484
1770,-0.4345818,-3.0061817
1771,-0.32725972,-3.0725718
1772,-0.44247794,-3.0922341
1773,-0.5735954,-2.9780633
1774,-0.44058838,-3.0431015
1775,-0.48599032,-2.9702635
1776,-0.35418755,-3.0282223
1777,-0.38509583,-3.085008
1778,-0.42188075,-2.9912243
1779,-0.4206972,-3.082062
1780,-0.3741361,-2.9444575
1781,-0.49099115,-3.0144577
1782,-0.33370912,-3.0779517
1783,-0.5402756,-3.0041318
1784,-0.6511346,-2.9405384
1785,-0.4360868,-2.9965107
1786,-0.45049867,-2.9608743
1787,-0.512854,-3.0263329
1788,-0.52861583,-2.9679294
1789,-0.4271092,-2.9760792
1790,-0.43392554,-3.0550141
1791,-0.6588691,-2.973857
1792,-0.49687672,-3.041028
1793,-0.54469955,-2.94978
1794,-0.49211597,-2.9633021
1795,-0.16896456,-3.0998673
1796,-0.43929633,-3.0298004
1797,-0.4583322,-3.0547523
1798,-0.5189143,-2.9333873
1799,-0.48582152,-2.9742785
1800,-0.47192708,-3.0132713
1801,-0.48276734,-2.996008
1802,-0.43584463,-3.0349855
1803,-0.587705,-2.951539
1804,-0.38573116,-3.0678866
1805,-0.41546053,-3.057504
1806,-0.5198525,-2.948275
1807,-0.44922006,-3.0128145
1808,-0.57823634,-2.8673112
1809,-0.45183602,-3.1273334
1810,-0.42526415,-2.9776533
1811,-0.30714148,-3.0284922
1812,-0.49543992,-2.9807346
1813,-0.46928236,-3.0223684
1814,-0.38038415,-3.0342472
1815,-0.46953255,-3.0641403
1816,-0.54607123,-2.9424055
1817,-0.32276922,-3.0806496
1818,-0.40610844,-2.9821074
1819,-0.44084817,-2.9927142
1820,-0.6008775,-2.9255688
1821,-0.47690114,-2.9909577
1822,-0.40119582,-3.0192099
1823,-0.4477459,-3.0362902
1824,-0.50616944,-2.978624
1825,-0.601985,-3.0003405
1826,-0.51483303,-3.025993
1827,-0.54836607,-2.9780068
1828,-0.40735483,-3.0187616
1829,-0.27416778,-3.0634792
1830,-0.551862,-2.9471567
1831,-0.524685,-3.0131192
1832,-0.42276213,-3.0416222
1833,-0.5178691,-3.0522447
1834,-0.56753933,-3.043021
1835,-0.56403625,-2.9546144
1836,-0.40264654,-2.9888496
1837,-0.5692749,-2.9597044
1838,-0.4694018,-3.0793233
1839,-0.48520076,-3.0705106
1840,-0.43409863,-3.0551434
1841,-0.38490772,-3.0641723
1842,-0.46009293,-3.0337205
1843,-0.50546455,-3.0327013
1844,-0.61359847,-2.9843497
1845,-0.5266438,-3.0252047
1846,-0.30111378,-2.993857
1847,-0.42692694,-3.0750504
1848,-0.46262524,-3.0255065
1849,-0.3910945,-3.0546453
1850,-0.53816366,-2.953421
1851,-0.3930425,-3.0092316
1852,-0.6493487,-2.926203
1853,-0.51759934,-3.0126429
1854,-0.54906905,-3.0676622
1855,-0.46105015,-3.0343032
1856,-0.4699418,-3.0578113
1857,-0.38425273,-3.0536697
1858,-0.41744483,-3.0198522
1859,-0.4475258,-3.0214128
1860,-0.41296595,-3.0466375
1861,-0.56694674,-2.9908717
1862,-0.51251906,-3.0463738
1863,-0.45496458,-3.0245218
1864,-0.5574092,-3.0134592
1865,-0.3468039,-2.9939628
1866,-0.48800108,-2.938305
1867,-0.4526559,-2.9789882
1868,-0.44391698,-2.9515738
1869,-0.5460295,-2.9308643
1870,-0.4493537,-3.0447266
1871,-0.43185315,-2.9600153
1872,-0.53472364,-3.0125635
1873,-0.43459904,-3.0852923
1874,-0.53326106,-2.9413247
1875,-0.38779312,-3.0182667
1876,-0.5172403,-2.9554467
1877,-0.5301116,-2.977688
1878,-0.38561732,-2.9900856
1879,-0.537444,-3.0256624
1880,-0.30613995,-3.0649126
1881,-0.5536219,-3.007187
1882,-0.5336705,-3.0125327
1883,-0.2760347,-3.0484195
1884,-0.524734,-2.9578714
1885,-0.60901093,-2.9064314
1886,-0.57184666,-2.988021
1887,-0.42890552,-3.042357
1888,-0.49136838,-3.0247009
1889,-0.36196196,-2.9927132
1890,-0.35718417,-2.9947383
1891,-0.6368617,-2.890636
1892,-0.41122186,-3.0211139
1893,-0.55420476,-3.007352
1894,-0.24324447,-2.9958336
1895,-0.49070817,-3.0076194
1896,-0.5136609,-3.080631
1897,-0.48279154,-3.029036
1898,-0.47973177,-3.032246
1899,-0.35314602,-3.0255065
1900,-0.5160796,-3.0134895
1901,-0.4739162,-3.0285518
1902,-0.4639492,-2.9923584
1903,-0.46980736,-2.9728034
1904,-0.42360473,-3.0171547
1905,-0.33027154,-3.0288072
1906,-0.34144843,-3.0352564
1907,-0.50744057,-2.999311
1908,-0.50874454,-3.0226977
1909,-0.43564054,-3.0393882
1910,-0.5392399,-2.9129655
1911,-0.4238444,-3.027449
1912,-0.42087287,-3.0492473
1913,-0.4554058,-2.9577768
1914,-0.4291537,-3.0121915
1915,-0.46677005,-3.0552268
1916,-0.5247717,-3.0443792
1917,-0.510576,-2.99905
1918,-0.15645361,-3.0702906
1919,-0.41853884,-3.042648
1920,-0.5138283,-3.022526
1921,-0.4004178,-3.0959964
1922,-0.47631225,-2.99395
1923,-0.48545763,-2.9912941
1924,-0.57373756,-3.0060604
1925,-0.44029757,-3.0454607
1926,-0.45282975,-3.0500467
1927,-0.54473674,-3.0303433
1928,-0.44735587,-3.073538
1929,-0.5349678,-3.0167294
1930,-0.3751787,-3.0779026
1931,-0.47409368,-3.0016828
1932,-0.5012847,-3.0449758
1933,-0.50235367,-3.0447528
1934,-0.45802677,-2.9505172
1935,-0.4024697,-3.0283434
1936,-0.5384257,-3.0552516
1937,-0.40162253,-3.018455
1938,-0.51800793,-2.9731514
1939,-0.49605712,-3.0256958
1940,-0.35477704,-2.9814444
1941,-0.30561692,-3.0857139
1942,-0.6270336,-2.9033697
1943,-0.56796455,-2.9613721
1944,-0.66208243,-2.8763287
1945,-0.6684529,-2.874726
1946,-0.4699428,-3.0382893
1947,-0.5333855,-2.9333305
1948,-0.44931358,-3.0354946
1949,-0.4396881,-3.0906525
1950,-0.45900908,-2.8583553
1951,-0.68292326,-2.9321423
1952,-0.56499577,-2.9903595
1953,-0.51840806,-2.9714613
1954,-0.5301292,-2.9825711
1955,-0.50450027,-2.9359133
1956,-0.6142676,-2.9052532
1957,-0.3809107,-3.0590477
1958,-0.62590337,-2.9520893
1959,-0.5708319,-2.9911623
1960,-0.3952905,-3.0926235
1961,-0.5159788,-3.0087829
1962,-0.38032967,-3.0064769
1963,-0.5172576,-2.9763358
1964,-0.3536526,-3.0830884
1965,-0.5592192,-2.906386
1966,-0.43643686,-3.0119383
1967,-0.45676056,-3.0774016
1968,-0.6218848,-2.917814
1969,-0.58886546,-3.0420895
1970,-0.46027327,-3.0386534
1971,-0.42731658,-3.08072
1972,-0.43293792,-2.9672213
1973,-0.50097775,-2.9896176
1974,-0.32827717,-3.065833
1975,-0.5615439,-2.9575925
1976,-0.49026915,-3.036083
1977,-0.50669837,-3.0083504
1978,-0.3684016,-3.0755293
1979,-0.5417812,-2.9940517
1980,-0.42005914,-3.0665913
1981,-0.43288946,-3.005701
1982,-0.31552762,-2.9784255
1983,-0.43020317,-2.964443
1984,-0.5384295,-2.9822595
1985,-0.48817575,-3.095455
1986,-0.30297893,-3.0615964
1987,-0.5292377,-3.0085418
1988,-0.40000916,-3.021831
1989,-0.5520299,-2.932025
1990,-0.5054877,-2.9687462
1991,-0.59521496,-2.9867115
1992,-0.4605313,-2.9943118
1993,-0.48417336,-2.9623728
1994,-0.61858505,-2.9106998
1995,-0.5372038,-2.9597652
1996,-0.36514992,-3.0073566
1997,-0.52480775,-3.0602095
1998,-0.5295179,-3.052413
1999,-0.4705935,-2.9524648
