,0,1,2
0,0.23319013,0.75842845,0.36657944
1,0.7040168,0.3046251,2.5310006
2,-1.0752225,0.3533967,-1.2528459
3,-0.46037337,-0.22447978,-0.16909459
4,1.1311879,-1.4819992,-1.3006967
5,-0.89372754,-0.6069436,0.27618688
6,-1.3718157,-0.229504,0.64810044
7,1.5909764,0.3555249,1.9593586
8,0.065121315,-0.532622,1.5215902
9,-0.26098225,1.8859403,1.5492096
10,-1.4789603,1.1023496,-1.7637657
11,-1.2282263,-0.16853581,0.20999615
12,-1.4676409,0.53538334,0.8217866
13,0.8530863,-0.97732687,0.032748926
14,2.005304,-0.64438593,-1.8991674
15,-1.9422487,-0.0891833,1.7748543
16,0.4944371,-1.6455146,1.0410268
17,0.0064059035,1.0091425,0.8662162
18,0.80829334,-0.62931955,-1.114022
19,0.3164119,2.551994,-1.1805644
20,-0.82128346,1.8365644,0.8053165
21,-1.3579377,-1.1541268,-1.1530486
22,-0.8485607,1.9281998,0.44982535
23,0.20398697,-1.5127461,0.008490293
24,-0.46616292,-0.4204286,-0.14507687
25,-1.6849307,-0.2690603,0.3648558
26,-0.06412879,-1.0664171,-1.3084443
27,2.1838877,-1.2465798,-1.3484489
28,-1.2514567,0.26806894,0.4147939
29,-0.85035384,-1.7248353,-0.9200686
30,-0.68040615,-0.30583143,2.076135
31,0.21360575,0.5551452,0.5888907
32,-0.1497189,0.9643333,-0.35322177
33,0.13639732,-1.1427965,1.3713726
34,-1.6348854,-1.3889208,0.99894416
35,0.046193425,-0.14024109,0.7098703
36,-0.97331244,-0.1690371,1.2220877
37,-0.7256319,-0.14184752,0.45066342
38,0.117987365,2.4117146,0.8339267
39,-0.7707992,1.0131156,-0.23116216
40,2.4118655,-0.73595834,0.3595771
41,1.0759567,0.8007394,1.0215169
42,-0.47252762,-0.5879255,-0.0956005
43,-0.16362518,-0.6953559,-1.084168
44,0.65258646,1.2960159,0.4632263
45,-1.7485459,1.3709164,0.7745354
46,-1.6617206,-0.9279869,1.7137434
47,0.970441,0.9990936,-0.78283656
48,0.43233767,0.80439293,0.41658345
49,0.3614012,0.10287397,0.32759723
50,-1.3270053,-0.8715179,0.66997385
51,0.13303763,-0.49243584,0.87565213
52,-0.16204196,-1.3744907,-1.8982025
53,-1.1424353,1.6747321,0.35088885
54,-2.4471645,-1.0000794,-2.0555038
55,-0.5338464,-0.8668486,-0.77206814
56,-0.7156501,0.8934371,-1.0337853
57,-0.121581495,0.14304371,0.3872984
58,-0.9564916,-1.499612,-0.7634738
59,0.93981284,-0.82657546,1.2934282
60,-0.5878905,-1.5140173,0.4354657
61,-1.411417,0.13006374,0.82419986
62,-1.2168983,-0.12163955,-0.27259603
63,-0.62354976,0.18233858,0.8602263
64,-0.8274441,-0.5949238,0.09804185
65,0.5894052,-1.2846884,-2.0584865
66,-0.07494708,1.5177526,0.4271271
67,-1.6232673,-0.4993321,-0.5274875
68,0.12666658,0.7339384,0.10516706
69,-1.0030801,0.56061536,0.063110106
70,-0.27704772,1.202738,-0.12005036
71,0.53635013,-0.47362626,0.84129095
72,-1.0571675,-0.42387378,1.6260921
73,-0.66972756,1.3903809,-0.57381076
74,-0.70023954,-1.2540318,-0.9718635
75,0.02047235,0.19935346,-0.15388486
76,0.2844491,-1.4732401,1.2139266
77,-1.2667288,-1.3804079,0.17945416
78,0.48698765,-0.6046774,1.1981508
79,-0.726011,-1.2528405,1.2681032
80,-1.4280249,-0.9230178,-0.55266
81,-0.24536106,-1.2731755,-1.3675812
82,1.754153,1.3625697,0.19636542
83,0.8391793,0.57564265,1.416358
84,0.017109018,0.6025331,-0.27385214
85,-0.037120648,-1.1330938,0.73948646
86,-0.8990079,-0.88441175,-1.5014265
87,-0.010679023,-1.9755422,1.3848319
88,0.9862321,-0.5612009,2.5167665
89,0.6551505,-1.2768279,-1.6438482
90,0.8967937,1.6049663,-0.3124547
91,0.6197808,1.1866418,-1.8186691
92,-1.8020831,0.48811743,0.69665277
93,-1.7034354,-0.5331974,-0.94224143
94,0.7933112,-1.4350581,1.2787663
95,1.1359701,-1.3493344,0.39055237
96,0.35720533,-1.5468413,-1.3685585
97,0.85062164,0.5976716,0.6856519
98,0.30700985,-0.19649236,0.94241464
99,-1.711375,0.6567879,1.8880205
100,1.1347024,0.58880883,0.7878887
101,-2.1677308,-0.8851553,-1.0873952
102,-1.5077405,-0.5475088,-0.73486227
103,1.8986362,0.034005098,0.67532134
104,-2.0615127,0.14217816,-0.73885554
105,0.55853486,1.6393553,0.31702194
106,-0.4330896,0.11548539,-0.5306408
107,-1.0453367,0.6634158,2.324577
108,1.4708154,0.5711887,-0.43666083
109,1.4079661,0.18582214,1.4282378
110,1.3370135,-1.0654806,0.2831928
111,0.28122395,1.1423819,-1.0385708
112,-0.14588103,-1.246753,-0.8162384
113,1.18655,-0.5445046,-0.747767
114,-0.44443893,-0.033322707,-1.4771737
115,1.1464876,1.6024317,0.649864
116,-0.10532152,0.9017952,1.2189124
117,-2.2017157,-1.6346616,-0.5430688
118,-0.4856704,1.0588117,1.3981376
119,0.80539113,-0.7084806,1.5311866
120,-0.35702562,-0.28286532,0.7184983
121,-0.9198159,0.61084497,-0.9390266
122,1.4140854,-0.2859613,0.5779866
123,0.3860188,0.9297051,-0.070251
124,0.9235473,1.274237,0.2976597
125,-1.3268678,-0.8359991,0.07496924
126,0.38958752,0.9125044,-0.31415585
127,-0.0643219,-0.9525522,1.7308666
128,-0.108640485,0.10848236,-0.8780149
129,-1.5136185,-1.1462417,0.05767456
130,1.0537224,-1.0218242,1.5059389
131,1.2714472,-2.1012442,0.94145024
132,-1.1517314,-0.66629714,0.9910177
133,0.9388098,-0.43362495,0.67508334
134,-0.46660143,-0.048439622,0.25040916
135,2.0415666,0.41196382,-0.8994687
136,2.1029298,0.57853043,-0.7182309
137,-0.83452797,0.07900246,0.73278636
138,-1.1948876,0.83039975,0.18289255
139,-1.041554,-2.1863744,1.2046028
140,-1.5289408,-0.0034849655,0.11872612
141,-1.3415225,1.2022802,0.10760245
142,0.23406686,0.046261754,0.8134107
143,1.3840711,-0.8607528,0.18342055
144,0.09267424,-0.42484108,-0.5009533
145,-1.8409836,-0.9008034,-1.0588621
146,-0.7758468,-2.8990054,0.4756321
147,-0.5795462,1.1582336,0.08586076
148,1.0044662,-2.4262419,-0.54378027
149,-0.95534873,0.22082148,0.5936858
150,-0.8515844,0.6584745,-1.3221568
151,0.55571425,-1.4355639,0.33120438
152,0.90388113,-0.616964,-0.5063273
153,0.52333295,-1.7177604,-0.40960523
154,0.766088,1.2497119,1.7475524
155,1.4043591,-0.7042692,0.0660876
156,0.42843875,0.6570426,0.19553635
157,-0.4226727,-0.83604145,0.09600728
158,-0.33324382,0.9021576,0.6142468
159,-0.15272546,-0.93031496,1.6337571
160,-0.1833292,1.0282208,1.9740275
161,-0.8853139,1.1601719,-1.2129908
162,-1.0501057,-1.0856572,-1.2464175
163,-0.5459127,0.7195464,-1.114442
164,1.2774497,0.2130949,1.5763959
165,0.13876794,0.6599289,-0.45254463
166,-0.15796907,-0.853695,0.5728619
167,-0.32026902,-0.42970294,-2.3987567
168,-1.9035833,-0.75178987,-1.9595478
169,0.5027978,-0.5180746,0.59664565
170,-0.07459452,1.0142066,0.14672133
171,0.55479276,0.9884753,-1.1602746
172,-0.35499102,0.26100028,-0.9973423
173,1.5231981,0.27781302,0.066681266
174,-2.7724326,-0.990819,-1.0545382
175,-1.1149132,0.9601996,-1.0424043
176,-0.44652537,0.7862322,1.419511
177,0.35553625,-0.39274272,-0.8982055
178,-1.1036818,-0.50262415,0.50507385
179,0.29600284,0.20904465,0.16271618
180,-0.5700253,0.80802035,2.2572935
181,0.20906985,1.1862293,0.4625872
182,-1.5971377,1.0695444,-0.68947715
183,0.6605777,-1.5866395,1.9897724
184,-0.4560907,-0.80060935,-1.9554743
185,-0.46571088,-1.2390859,-1.1001409
186,-0.83518684,2.022014,0.3913205
187,-1.3615259,-1.272064,-0.14331597
188,-2.5650816,1.1141479,2.3810527
189,-0.500812,-0.6288786,-2.421764
190,-0.85407376,1.1097071,1.462349
191,0.73132414,-0.13978176,-0.8965631
192,-0.89754784,0.5678051,-0.9009121
193,-0.8895107,-0.60138535,0.38891074
194,0.39312276,-0.27229556,1.039451
195,-0.19892289,0.31396866,1.3057696
196,-1.3252532,0.36705673,1.3674419
197,-0.13705288,-1.9571517,-1.4604301
198,-0.47691828,-1.7474322,1.279202
199,-0.5043679,1.0665052,1.3505809
200,-0.7318036,1.7578841,0.51529664
201,-1.1270756,-2.0631373,0.46070236
202,2.518399,-0.5348536,-1.2540276
203,-2.1889663,0.6537665,0.43955976
204,-0.5136,0.32980514,0.68612033
205,1.6456296,-0.14677428,0.921079
206,0.5998705,-0.074350156,0.9505658
207,-0.47331014,0.1025511,0.05593749
208,-0.27392754,-0.6191038,1.6516514
209,1.8365477,-1.2230055,-1.695277
210,-0.7826279,-0.72829443,0.63922787
211,-1.2342949,-0.6266708,-1.721313
212,1.8830626,-0.9250641,-0.865719
213,0.40935853,0.37326908,0.7949223
214,0.24297906,1.5739667,-1.1307755
215,0.0021726782,-0.43507534,0.11800853
216,-1.9723632,-0.7592348,-0.9806559
217,0.787576,2.9918687,1.8142682
218,0.49756047,0.37424624,0.59599364
219,-0.06378838,-0.8516587,2.0321271
220,1.4215494,0.61324424,-0.4417953
221,-0.30487826,0.061273564,-1.3709787
222,-0.3189153,1.5858384,0.796712
223,0.4095277,0.07338533,-1.2310181
224,0.6313307,0.5082362,0.60476595
225,-0.791284,-0.5459053,1.4812601
226,-0.34792742,-0.3005924,0.6497904
227,-0.13105404,1.1269718,0.8586662
228,-0.17132561,-1.5453564,-0.6017303
229,-0.57263976,1.829906,1.0819038
230,-1.278015,-0.066730365,0.54991156
231,0.764978,-0.53755665,-0.3405092
232,-0.2340994,0.1281148,0.66622245
233,0.64698887,-1.381637,-0.2004274
234,1.2280746,-1.1662452,0.558705
235,-0.4627934,1.4726248,1.4023209
236,-0.032051142,-0.014851487,-0.19192123
237,-0.68848693,-0.5342583,-0.3977292
238,-0.26714635,-0.46242136,1.5104833
239,0.26633748,-1.6756723,-0.9575975
240,0.8273983,0.3678542,-1.0232782
241,-0.8125083,-0.8661072,1.5109376
242,-0.37886447,0.5214564,2.0753322
243,0.63524854,-0.20211191,0.5823227
244,0.915663,0.053493828,-1.546014
245,0.41001695,0.73403376,0.6010104
246,-0.61754596,1.8181391,0.16644073
247,-1.1318415,-1.513666,-1.292224
248,-0.6456952,-0.31336674,1.8804367
249,-1.5724077,2.0060353,1.3094306
250,0.16893643,0.1743112,-0.17828183
251,-0.023987418,0.15900062,0.18845113
252,-1.8785483,-0.76349443,0.353048
253,-0.58453757,0.45890373,0.099073745
254,2.3422859,0.665607,0.8870134
255,-0.0284503,1.5764052,0.33829755
256,0.059743624,0.30655736,-0.64634895
257,0.09930584,-0.022018032,0.6183248
258,-0.31799012,0.0789952,-1.9277464
259,-2.3852549,-0.5513763,-0.3831801
260,0.43431887,-0.048692714,-0.21306847
261,-0.30160233,1.1174586,0.68450177
262,-0.76001346,-1.1980941,-2.100366
263,0.46385768,-0.18105596,-1.5927109
264,-0.3469295,-0.77176327,1.8057007
265,0.9442562,-1.4892654,0.36227173
266,1.6280365,1.2359532,0.73301905
267,0.38063955,0.27619997,-0.45911697
268,-0.18207091,-0.021405851,-0.66974604
269,0.9286784,-0.77377355,1.5506804
270,-0.622081,0.32795596,-1.7040669
271,0.3155765,1.2085737,0.34894753
272,1.0132078,-0.8790208,-0.5288446
273,0.4197172,1.18135,0.4077472
274,1.1700947,0.095612556,0.057768784
275,0.28241706,0.34327963,0.0027427298
276,0.47226968,-0.25100142,-1.0437102
277,-0.87227225,0.48542342,-0.42074266
278,0.14593364,0.52211416,0.40232158
279,-1.9047873,-0.23030096,-0.046931427
280,-0.16916834,-0.14661047,0.98962945
281,0.3336737,-0.69679356,0.3240612
282,0.4621465,-0.6334499,0.15864287
283,0.46720675,0.12698147,-0.23223379
284,-1.6514481,1.6526301,-0.42573324
285,0.18203716,0.92848945,-2.1621687
286,0.6882942,-1.0902902,-1.4725047
287,-0.5989499,0.95117325,-0.7866002
288,1.1763577,-0.3901965,-0.0780274
289,0.86313313,-0.12358097,1.9405167
290,0.9619192,0.081102975,-1.1350123
291,1.3844969,-0.2339688,-0.8027533
292,0.9364256,0.43604594,1.151083
293,1.0183258,-0.45428666,0.9092666
294,-1.308015,0.6709521,-0.635212
295,0.034021158,-0.43460017,0.47304532
296,0.2977573,0.24467601,1.3472924
297,1.3304262,-1.5762149,-0.26157597
298,0.00086504663,1.1028926,-1.0084409
299,0.19994369,-1.1418041,0.5548904
300,0.084982544,-0.3961854,-0.8400977
301,0.24685818,1.0835854,2.2752042
302,0.439178,-0.84883094,-1.5534776
303,-1.9172479,-2.1261294,0.12377139
304,1.1227092,-0.41651642,0.2135926
305,-0.29730323,0.72479403,-0.15678523
306,0.3420895,-0.62886626,-1.3408475
307,-0.31359407,-0.5705516,1.6750704
308,-0.84713453,-0.0062176203,-1.5099632
309,-1.9553622,-0.7612696,-0.75140995
310,-0.4373035,-1.326245,0.95196974
311,0.02039484,-1.6421,-1.0073166
312,-0.46738434,-0.07638531,0.45264664
313,-1.1983272,0.5429488,0.11436894
314,-0.7012438,-0.6247338,0.55907863
315,0.023058383,0.34864816,-0.55997527
316,1.7044775,-2.2628734,-0.9029867
317,-2.385934,-0.27736425,0.802831
318,0.66007584,-1.1239603,3.575738
319,0.11658261,0.81069076,-0.64715636
320,0.2656047,-1.0754832,-1.5413214
321,-0.13061279,-1.331589,0.53963256
322,-0.5131167,-1.1997654,1.2511046
323,-0.37149858,-2.4624403,-1.9079529
324,1.6265754,-2.1299963,-0.77615786
325,-2.403468,-0.07295972,-0.032677002
326,-0.761197,0.9018524,-0.41749573
327,-0.17825575,0.97992617,-0.6397889
328,0.66138613,-1.0074393,-1.292312
329,-0.9984226,-1.3573471,0.41049188
330,-0.25199568,-0.6170047,2.0264132
331,1.9333016,0.09527968,1.9299972
332,-0.91016954,-0.630236,-0.3045881
333,-2.014095,0.07372601,-0.35186404
334,-0.21335982,-1.101221,1.0884303
335,-1.4544501,0.066011764,-0.92323947
336,-1.7386769,-0.051593978,-0.23453955
337,-0.49351385,0.17538857,0.8287478
338,-1.8723062,-2.3041754,0.7209948
339,0.410003,0.2382227,-0.48348913
340,-1.1846102,1.3707662,0.6332958
341,0.8644467,0.7800198,2.2977624
342,-0.80706936,0.42693305,0.7769492
343,-1.0312645,1.6752883,-0.016819794
344,0.19168189,-1.2806675,0.99893516
345,0.1187616,0.4587925,0.9752442
346,-0.26235205,0.19442372,-1.5952079
347,0.26154366,1.0287349,-0.38424438
348,1.8506458,-0.5090978,-0.8626334
349,-0.363024,1.3626368,-0.8682765
350,0.21763666,-0.89548355,1.1239595
351,0.8081889,-1.08564,-0.26969275
352,-1.0297698,0.262928,0.2543195
353,-0.9650093,-0.8416744,1.1196176
354,-0.56164813,-0.09696351,-0.89102376
355,-1.5672679,-0.50508493,2.755241
356,0.8038451,-1.6907787,1.0409297
357,-1.6822696,-0.31854525,1.311042
358,-0.60286456,1.5481108,-0.29224086
359,0.45410252,0.31944633,0.6960424
360,0.61099523,0.20579486,-0.10348848
361,-0.9520587,1.7885731,0.72309977
362,-1.2772571,0.5510254,2.4226677
363,-0.39862683,-0.28149074,0.652324
364,-0.2407887,0.67613894,0.797196
365,-0.89800334,-1.4090676,-1.6956117
366,0.59869486,-0.043767642,1.1105925
367,0.188976,0.727538,1.508289
368,1.4269894,-1.2299778,0.7804261
369,-0.49139068,-1.1040561,0.40581104
370,-1.0100226,-0.5723317,-0.97853994
371,0.7576526,-0.6022862,-0.35591447
372,0.5980829,0.8237492,-0.075503565
373,-0.4355119,-0.34114698,0.5925587
374,1.4835501,-1.6303004,-0.92959714
375,-0.6715319,-0.0066382727,0.28064647
376,-1.8150465,-1.8835794,0.43323287
377,-0.07963883,0.22953457,0.9210132
378,-0.049676828,-1.5950005,1.3586859
379,0.5364692,0.6422492,1.2682893
380,-1.4327475,1.0550529,1.6644881
381,-0.45877242,0.62408054,-0.57389164
382,-0.7216455,-0.8037008,0.11665661
383,-0.86094785,1.2715541,0.4170619
384,0.94023365,-1.4993452,1.0940986
385,-0.8630084,-2.3062983,-0.09534487
386,0.96821576,-0.3607078,-0.45927012
387,1.4277033,0.37461933,1.2424166
388,0.19262554,0.18653454,2.4523733
389,-0.9125553,0.918526,0.6219068
390,-1.3190418,0.15602252,-0.35348508
391,1.1536537,0.79741967,1.3913844
392,1.127256,-2.5365672,-0.62138295
393,-1.8743341,-1.3033793,-1.4278064
394,-0.4472113,0.31608737,-0.52510333
395,1.0444783,0.34969434,-0.013707501
396,0.38033503,1.4726676,0.70785433
397,-1.4687692,0.5945275,-1.1371634
398,-0.6870352,-1.4021302,0.7958926
399,-0.31440833,0.54531026,-0.5294246
400,-1.3478514,-0.89012927,-1.1169721
401,-0.55061215,-0.79900485,1.209221
402,-0.009753052,0.17776792,-0.5602879
403,-1.0762202,-0.058065698,-0.7650238
404,0.3364458,-0.29153237,-1.6629021
405,0.015757808,0.7108983,0.27380255
406,1.129764,0.7079946,-1.0600568
407,-1.788781,-1.7887069,-0.1549902
408,0.6862159,-0.36131358,1.9460912
409,-0.63268465,1.228275,0.6619287
410,-0.12419881,-1.2423816,0.08959453
411,-0.88142884,-0.8689052,1.1507303
412,2.040187,-1.5230143,0.16134472
413,0.34808895,-0.25451067,-1.9800388
414,0.5838313,0.78719234,0.15358391
415,-1.8028337,-1.3734593,0.09077184
416,-0.4273779,-0.76652926,-1.3864694
417,-0.11759405,-0.5325515,0.2828629
418,-2.224173,-1.975839,-0.49805963
419,0.21376012,-0.24478671,0.71581846
420,0.23292488,0.52792764,0.31254423
421,-2.1739538,-1.0930907,1.3351847
422,0.90996855,-0.610462,-1.1910598
423,0.9985389,-1.4396213,0.15975715
424,-1.3030696,-0.8208019,-0.32882848
425,0.8001492,-0.64712745,0.6442582
426,2.8102248,-1.7613596,0.53181934
427,-0.86667687,-0.5969392,-0.40965346
428,0.108353466,0.46552303,-1.2813451
429,-0.86962223,1.5884215,0.95627075
430,0.57078445,-0.23314911,0.4448821
431,0.3009003,1.1518222,0.90401906
432,-1.3361633,-1.052975,-1.3600103
433,1.4186734,0.110797234,0.8284089
434,0.25439185,-0.71907365,2.312424
435,0.212333,0.88109607,1.2316201
436,-1.1371299,-0.35786617,0.117801435
437,1.448504,0.39179444,0.6816973
438,0.31195477,-0.13997224,0.8378096
439,-0.51380336,-2.004702,0.68236494
440,0.68394786,-1.4781115,-0.06679898
441,-0.0740117,-0.5348916,-1.3390538
442,-0.9605722,-0.8995068,-0.3767987
443,-0.35517368,-1.3303908,-2.3676665
444,-1.3519088,-0.47218218,-0.83424985
445,-0.23694414,-2.1151357,-1.4667327
446,-0.69048274,1.0769751,-0.1752
447,0.12169752,0.41468063,-1.4654547
448,-1.0754287,0.06612024,-0.38859022
449,-0.06915539,0.25378153,-0.38979447
450,0.700241,-0.7282596,0.55924684
451,0.6697233,-1.3512858,-1.0680022
452,1.0618455,0.2305897,0.40949363
453,-0.08307893,-0.86763096,1.7074394
454,-0.9981185,-0.6051775,-0.097539306
455,-0.17690042,-1.1732953,2.3863769
456,-0.7085033,1.6197782,0.66890556
457,1.1718507,-1.0900475,-0.32751393
458,-0.2848807,2.4716804,-1.3603152
459,-0.6421856,-1.544015,3.1694536
460,-0.043804407,-0.8875233,-0.68039304
461,-0.23651959,0.6921836,1.3651358
462,-1.407617,-1.0068126,-0.16702485
463,-0.43417808,-0.18488376,1.0125003
464,0.41929606,0.5822339,-0.006707223
465,-1.0479555,-0.5608744,1.2701981
466,-0.06920557,1.3601875,-0.38969088
467,0.5716711,-1.1249993,0.37685764
468,0.19010215,-3.2336397,-1.2083533
469,0.9522644,-1.6914636,-0.58398426
470,0.612868,0.09088465,-2.006343
471,-0.2556583,-3.2383459,0.72011256
472,-0.8125549,-0.07048261,1.5203062
473,-0.2893962,0.05958652,0.40644443
474,2.2496479,-0.8499871,0.36297244
475,0.13910873,-2.080021,2.71095
476,-0.49410874,0.94968426,2.92454
477,-0.55772704,0.89301854,0.36735108
478,-0.28296748,0.2937412,0.15693747
479,-0.42076275,0.14818902,-0.16538142
480,0.115509495,-0.14363961,2.0132027
481,-0.0878366,-1.6140242,0.9060476
482,-0.47394213,1.8062195,0.09284361
483,0.30766982,-0.22570884,0.37010062
484,-0.24915814,0.29674885,-0.1545456
485,0.9271792,-0.16259925,1.4568365
486,-1.2459908,0.54022914,-0.77972233
487,-0.07725334,-1.6037269,-1.6714467
488,-0.9714026,0.41819108,1.9090351
489,0.85155123,-0.29489157,-1.110463
490,-1.7265725,-1.0007097,-0.1727937
491,-0.85386515,-1.788929,0.7072006
492,0.40051726,-1.0981067,0.29608202
493,-0.11681836,-2.1201866,-0.16627087
494,0.5873115,-0.7800126,-0.53320706
495,-0.40652776,-0.5055225,2.1236453
496,-0.9328123,0.30461478,0.009233803
497,0.83624864,-1.7298288,-1.0421364
498,-0.76018673,-0.51983297,2.8722808
499,0.81314385,-0.085381515,-0.5726136
500,-0.818509,0.2495071,0.30184716
501,-1.0799813,-0.18006846,-0.2574495
502,1.2233644,2.0351202,2.1113918
503,0.3215545,0.48831528,-0.7154186
504,0.9177848,-0.9616924,-0.2674125
505,0.92046374,1.4090213,-0.1126712
506,-0.24934699,-0.64681286,-1.6305938
507,-1.4431962,-0.8065626,1.1269637
508,0.42159268,-1.0888267,-1.6406378
509,-0.19722162,-0.26237637,0.976068
510,-1.6301788,1.956542,-1.4673682
511,-1.0619484,0.096650064,0.032119177
512,-0.08416006,-0.9210544,0.19303825
513,0.96802765,0.4045739,1.4839216
514,-0.39989862,0.22417933,0.5233067
515,-0.33070153,-1.6523929,0.13842288
516,-0.13840553,1.18689,0.09934815
517,-0.8376973,0.41096357,0.54951733
518,0.90997046,-0.17592597,-1.7780596
519,1.6425741,-0.09675643,1.3068862
520,0.98636216,-0.032567628,0.46299997
521,0.5912401,-1.0732505,-0.3071764
522,1.0542545,-0.306215,-0.047342625
523,1.3963985,1.1949394,-2.39829
524,-1.2337223,-1.6487167,0.6472339
525,-0.93687785,-0.28867167,-0.67033875
526,-1.1267972,-1.6170479,0.902483
527,0.8530839,-0.12040331,2.2912471
528,0.3462876,-0.12048017,-1.6783422
529,-1.7664893,0.7499628,-1.7842915
530,0.31807336,0.48788485,0.764347
531,0.3950237,-0.6049598,-0.09654254
532,0.49950293,0.43649462,0.4469217
533,-0.3709344,1.1823665,0.5757981
534,0.8376947,0.9379662,0.1902501
535,2.4682271,-0.82956094,0.2289986
536,-0.16706966,-2.3598323,-1.6432996
537,0.27978024,0.7689684,0.33786714
538,-1.4545143,2.293486,0.3174748
539,0.74536103,0.63985616,2.4737103
540,1.194964,-0.6278522,0.1411755
541,-0.94529307,-1.26404,-1.4904398
542,-0.6428189,-0.26105735,1.3343651
543,1.8231415,-0.28455067,1.0772083
544,0.005689197,-1.2223825,-1.7628412
545,-0.19184445,-0.8893949,-0.15616383
546,0.7344104,0.20435478,-0.11221159
547,-0.29151702,-0.15971783,-0.812347
548,-0.55533814,-0.4820653,-1.050672
549,1.465356,0.7444422,1.4173274
550,-0.7453861,-0.37659422,0.0023804572
551,0.46056002,-0.33680034,-0.42956018
552,1.7100474,1.1787865,-0.9157452
553,-0.26970896,-0.78538793,-1.9502999
554,-1.2171859,0.87260354,-0.13295
555,-1.3505121,-0.868161,0.2234965
556,-1.0757302,0.7454005,-0.6430935
557,0.39294106,0.66859573,-1.7099211
558,-1.3551357,0.40818575,0.867321
559,0.8566211,-0.06420089,-0.7512052
560,0.84244764,0.09268421,-0.840599
561,-0.4831277,0.006925179,-0.003943457
562,-0.5120543,-0.51427233,0.3327852
563,0.6346467,0.7482529,0.96500516
564,0.3757592,-1.0204889,1.1194159
565,-0.23324922,1.2881529,0.15997204
566,-1.2186061,-0.98142827,1.265351
567,-1.370748,0.3825504,-0.29631597
568,1.6704712,-0.2084603,1.097373
569,0.91621166,0.18197069,0.16141783
570,1.1951978,1.0231111,-1.0194162
571,1.3298112,-1.0612288,0.019857623
572,2.3509343,-1.0862509,-0.7760057
573,-0.50244796,-1.2872682,1.2197639
574,0.9676955,0.97031283,1.1220522
575,-0.62585676,1.5409815,1.3842838
576,0.16971588,0.15156698,0.62525135
577,0.4226286,-0.85854435,-1.1626414
578,0.19557667,-1.8006439,0.031619143
579,0.9417688,1.3006216,-0.2331755
580,-0.97785354,-0.9921905,-2.1501987
581,-0.8103936,0.89967465,1.7701639
582,-0.3416794,-0.6754438,0.13145979
583,1.0977968,0.70295703,-0.544017
584,-0.84708416,0.13026382,0.2247884
585,-0.0632327,0.12042911,-0.39194492
586,-0.25001612,0.12582582,0.66318786
587,0.5086926,-0.52289146,0.44336787
588,0.42112526,0.8175527,1.9951293
589,0.02356108,-0.5364914,-1.0974305
590,-0.051717255,0.15670006,-0.07331188
591,-0.4160834,1.6053524,-0.5330792
592,-0.72310853,-0.42941573,-1.4238342
593,-0.50775295,-0.42438486,0.5735453
594,-0.8665668,0.38641524,0.13071541
595,-0.009758982,-0.25112292,-0.5267431
596,-2.0896144,0.14788787,0.62308806
597,0.44925556,-0.62916946,2.3861713
598,0.6079935,2.240886,0.54912096
599,1.6630908,0.20506077,-0.08821604
600,0.5006316,0.19969875,1.2354003
601,-0.43435723,0.13865224,-0.08618178
602,0.31333765,0.7751512,0.36053684
603,0.041790567,-0.29457805,-0.21570127
604,0.25357422,-0.2490587,-1.6438137
605,-0.88810354,-1.0278312,0.6400023
606,0.5474578,1.582014,-0.899301
607,1.9777367,1.2600794,0.38863447
608,-2.2569635,0.08748674,-0.57381904
609,-0.67978776,-1.0356342,0.12495174
610,0.874596,2.5847042,-0.2969054
611,-0.7569994,-1.1100022,1.1728176
612,1.0760771,0.78918636,-0.0786199
613,0.6654096,0.8791417,-1.5555103
614,-1.1707183,-0.15273036,0.23326215
615,-0.3984226,-1.6163627,1.268486
616,0.55588967,0.45110068,-0.75688195
617,0.122452974,0.672448,0.06417851
618,0.5290946,-1.7283269,-0.75958323
619,-1.5514575,-0.58659005,-0.24693352
620,0.68414,1.5412596,0.5288205
621,0.23385666,0.5419657,-0.3163999
622,-0.7533128,0.12232837,0.4943837
623,-0.32493702,-1.1778263,-0.043439977
624,-1.4072967,-1.1213882,-0.50480026
625,0.12150649,-2.3469052,0.9261588
626,0.5256599,-2.3055727,-0.53750336
627,0.88837934,-0.5370431,-0.1451499
628,0.8102586,-0.46834695,1.9457619
629,0.9112664,1.8664627,-0.63193214
630,0.0033979123,-1.9948394,-0.47350207
631,-1.4259801,0.7948589,-0.76644486
632,1.462596,1.0964057,0.020625541
633,0.35454053,0.10563659,-0.36545968
634,0.08479488,1.0069591,0.8495234
635,-0.84279245,0.29069602,-1.2717627
636,0.0114023555,-0.11701214,-0.11817626
637,0.6054269,-0.13468881,-0.49047878
638,-1.0619284,1.7283019,-1.4980639
639,-1.0384765,-0.35434932,0.44805917
640,-1.0357823,-1.112673,-1.6866595
641,-0.58847743,-0.7168137,-1.2589884
642,-0.9728682,0.080238014,-0.50047135
643,-1.3547722,1.2667218,1.3554896
644,-0.7910571,-0.83677536,-0.54402465
645,-0.60545963,-0.3018493,-1.0760189
646,-0.591023,0.75583065,0.30781364
647,-0.7466191,-0.18469004,-0.086563766
648,0.7492989,-0.43649736,-0.5986328
649,0.26500717,-0.19618346,0.018558273
650,1.305631,-1.5409999,0.4730487
651,-0.8082162,-0.34269634,0.70979613
652,-0.61877257,0.6318352,1.1535451
653,-2.0887513,-0.6605539,0.80461884
654,0.005295247,-1.3650663,0.013026354
655,-0.88008326,1.138588,-0.3277577
656,-0.06320904,0.6189524,-0.14017785
657,1.1757779,1.4499773,0.35682574
658,-0.15644741,1.2601678,0.06951019
659,0.8910982,0.42648464,0.72086
660,-1.9153355,-0.6021756,-0.24033317
661,-0.8328759,-1.4575449,0.5431577
662,1.2896895,-1.5967133,0.7953869
663,-1.3668891,1.0108582,-0.679674
664,-1.5303109,-0.29533297,1.4215077
665,-1.1730362,-0.74676025,1.0862796
666,0.25094876,0.78545225,1.3885906
667,0.039988857,0.0359665,-0.1166589
668,0.87486994,0.057498086,2.2422426
669,0.7265543,0.2090137,0.8959841
670,0.5835214,-0.6129944,0.9646128
671,0.62683684,0.8587969,0.5582022
672,1.271229,-1.8565427,1.0920446
673,0.6296333,-1.8506505,-0.7716372
674,-0.60262984,-0.22676638,0.036326233
675,-0.48358628,-1.9579906,1.7381227
676,1.0260731,0.79466265,-0.7277124
677,-0.7133631,-0.074692465,1.697472
678,-0.24421628,-1.179461,-0.08650338
679,-0.27454284,0.8582728,0.24676704
680,-1.4750389,-1.681742,-1.5927649
681,-0.9036713,-0.0662844,0.36218265
682,0.09386782,0.60748494,0.5952595
683,1.2270495,-0.19701515,-0.0459403
684,-0.41606808,-1.1822215,-0.73854065
685,-0.9828943,0.012784673,0.45417705
686,-0.068297625,-0.54543096,-1.3111703
687,-0.95481974,-1.7060586,0.06394457
688,0.064468265,1.7359713,0.04401289
689,-1.1562587,0.17419219,-0.8350629
690,-0.090658054,1.3736396,0.7873992
691,-0.5657318,-2.0479941,0.057182617
692,-1.1251922,-0.99979705,1.2394464
693,1.3153859,0.8290424,0.056958295
694,0.008275707,-1.4615737,-0.22509353
695,-1.1426191,0.090660304,0.883212
696,-0.89364374,-0.30992493,0.10223879
697,-0.44692543,-0.7855945,2.068775
698,-1.9781034,-0.37669763,1.4277217
699,-1.8623762,0.5842685,-0.92580295
700,-0.42761838,0.8254427,0.93936384
701,0.37581614,0.66339487,0.95985657
702,-2.5673018,-4.0418735,0.8110967
703,1.0651505,-1.3301427,0.4259502
704,0.23903266,0.5698347,-0.5085418
705,-0.92269516,0.22142409,1.4482931
706,-0.4299421,-0.5390255,-1.8878856
707,0.044824112,-1.9530116,0.19601211
708,0.67894423,-1.9790306,-1.0716627
709,-0.26606497,-0.39000267,1.2123528
710,-1.7112559,1.3075528,-0.529905
711,0.6046806,-0.9555472,-0.9582137
712,0.5407532,-0.8349573,0.2036296
713,-0.9391086,-2.0328622,-1.3033038
714,0.072969384,0.5221768,-0.14316045
715,-1.0862865,-0.28547308,-1.1121348
716,-0.7241826,0.26691365,0.7061082
717,-1.5188653,-0.61208373,0.87225306
718,-0.7821184,0.20835726,0.89546716
719,-0.32633266,0.72935945,1.3226244
720,-0.27558503,1.5958322,1.2673959
721,0.9168146,-0.4073388,-0.8987324
722,0.8214274,0.5036436,0.21392915
723,-1.9245806,0.9941549,0.9393735
724,-0.6829909,1.4172658,0.070548154
725,-1.2599193,-0.7609801,-1.3611013
726,-1.0589287,-0.8087361,-0.4010703
727,-1.9725568,-0.74915045,-0.5796374
728,-0.36680964,0.29357162,0.7365847
729,-0.60490286,-0.8658873,1.8616582
730,1.4405286,-0.70432216,-1.3482523
731,0.39697513,1.0552785,-1.3109871
732,-0.08306669,1.2735825,1.3253864
733,-0.5062012,0.028171027,-0.5458076
734,0.45857492,-0.6037703,-0.88703173
735,1.1590987,-0.8831688,0.09687578
736,0.058448922,-1.4894623,-0.17609388
737,0.84641725,-1.3652767,0.26497784
738,-1.7309151,0.9596179,2.5012262
739,1.3244674,1.4796937,-1.2542509
740,0.114778526,-1.280828,-1.9016842
741,-1.1559796,-0.2230041,0.7021111
742,2.3200905,-0.69024605,0.62642145
743,-0.05832342,1.010657,-1.4672636
744,0.4838597,-0.60070604,0.077068135
745,0.0649852,0.37272748,-2.59844
746,0.36267644,-0.94903976,0.3968933
747,0.7737144,0.017223243,-0.61018586
748,2.6246934,0.6173695,-0.6163169
749,0.69931906,-1.7114637,-0.7282537
750,0.96590704,-1.5961618,-0.31072602
751,0.26194757,-1.3176713,0.7363718
752,0.43628582,-1.2009941,-2.240918
753,-0.5381043,-0.8723551,-0.17158422
754,0.5008854,-0.7120263,0.40265843
755,0.19204363,-0.30501774,-0.6181889
756,0.47126362,-1.0428302,-0.061306454
757,0.37186798,-0.05410063,0.51419187
758,0.32418314,0.3801092,0.8980171
759,-0.34604874,-2.2621536,-1.8462731
760,-0.058432907,-2.331049,-1.8262324
761,-2.4360342,-1.8638213,1.6667712
762,-1.0558966,-0.42040503,-0.3516451
763,2.319456,0.29008064,-0.30284956
764,-1.200633,1.4279499,1.2237138
765,-1.2142261,-1.5874416,-0.48748463
766,0.80981714,0.88116467,-0.117414944
767,-0.8908179,0.68492013,-3.2429214
768,1.1127423,-0.42907062,-0.84586555
769,-0.61795545,-0.035029203,-0.927496
770,-1.9104097,0.38825577,0.5370211
771,1.0983884,0.2042146,0.3778543
772,-1.1129751,0.58599573,1.6559215
773,-0.8285778,-0.8441794,-1.9991213
774,-1.1343429,0.38107547,0.98071676
775,0.42134216,0.6046364,-0.10491786
776,-0.43062025,-1.0311278,1.0193105
777,-1.6225427,0.4884638,-1.4349034
778,-0.7677181,-1.0383795,2.1671655
779,1.8556457,-0.31791246,-1.2297266
780,2.0542624,1.205709,-0.8199181
781,2.0068989,0.88256377,0.32227987
782,-0.63315153,1.2362677,0.29286554
783,-0.55259585,1.9656315,0.5822886
784,1.1492362,-0.28067306,-0.64020336
785,-1.1208714,-1.2116483,0.3757472
786,-1.3405731,0.043835748,-1.9930364
787,-0.72208804,-0.02597614,-0.6112701
788,0.6374592,1.1279211,-0.042204298
789,0.72403187,0.15864545,-0.93671936
790,0.4042575,0.32421178,0.07378399
791,-0.08952384,-0.25898424,-3.6538622
792,-0.82032675,0.21535115,1.857281
793,-0.06809886,0.5036532,-0.12926759
794,-0.45056343,0.021273972,2.0283232
795,-2.3681993,0.81423527,1.6084075
796,-0.65744823,-0.24590807,-0.5584705
797,-0.5095891,-0.7743111,-0.22948578
798,0.48994464,1.5645245,-0.5652929
799,0.26516518,0.39018142,-0.21289855
800,0.9533739,-0.54041404,0.7497755
801,1.7629312,-1.0716114,-0.16434039
802,0.2210408,0.7366897,-0.2884818
803,0.36156002,-0.20307237,-1.1030295
804,-0.69727606,1.8566368,0.2552992
805,0.09280152,-0.62528086,0.1614785
806,0.48122728,1.4146975,0.6970302
807,-0.0024986581,0.46028423,-0.25206834
808,-1.1738364,-0.41816384,-0.46107456
809,-1.1225419,-0.44459715,-0.23972249
810,0.063231915,-0.0023591546,0.58310515
811,0.3233299,-2.2760832,1.1327565
812,-0.8866539,0.7884479,0.30503762
813,-0.96790934,0.75291127,1.2330503
814,-0.37384552,-0.22065909,0.0065715997
815,-1.8101231,0.7667929,0.40043652
816,-0.32468155,0.49521378,0.59403926
817,-0.12763117,-0.5426343,1.8319844
818,1.4500574,1.1648302,0.18318991
819,0.8751051,2.4885283,-0.37864578
820,0.3984936,-1.0524411,-0.55991125
821,-1.0766602,0.5667704,-1.0744983
822,0.16799068,-0.44384187,-0.8988177
823,0.44755068,-0.6577201,-0.25662133
824,-1.0911205,-0.5414458,-1.2440101
825,-0.3505894,0.9330702,1.0016062
826,0.906669,0.17563471,0.51543456
827,-1.0763681,0.48354793,0.3732798
828,-0.2372741,0.008095119,1.5546798
829,1.8601769,-0.2622311,0.33788934
830,-0.5647075,-2.8591187,0.78534925
831,-0.20527498,-0.8688448,0.36559114
832,-0.4430075,-0.030466262,0.56300956
833,2.1096325,0.4377384,0.70145005
834,-0.18090454,-0.7079255,2.1259112
835,-0.47948873,0.4818823,-1.3805773
836,-2.1986415,0.93218505,-0.28908557
837,0.07365741,0.57388365,0.41225627
838,-0.124404244,-1.9988139,0.80038345
839,-1.8403051,0.3244196,-1.2617996
840,-0.2714718,-0.115161315,-1.6579081
841,-0.47272697,0.6588522,-0.81378317
842,1.1158692,0.21282327,-1.974461
843,-0.47269532,0.27697092,0.020790612
844,-1.7459543,0.20688027,1.9328811
845,-0.3032812,0.79414785,0.4593149
846,-1.574759,-0.19456877,1.1583326
847,-0.61660624,0.38699445,0.1025143
848,-0.08676386,-0.5829193,-1.1880332
849,-0.3602744,0.11195844,-0.4347584
850,1.162717,0.08579393,-0.9015424
851,3.7623107,-1.1327153,-0.30141047
852,-0.41182244,-0.12134089,0.094410494
853,1.1247594,0.47843447,1.4106528
854,0.6513672,-2.348624,0.58721864
855,0.63654715,0.312783,0.24962977
856,-1.1610912,0.09622174,-0.24099885
857,0.14828537,1.1054841,-0.5035509
858,1.047765,0.60098875,-0.47165617
859,0.2220313,-0.70501864,-0.6119955
860,-0.8985403,-1.4298218,0.9769328
861,-1.4284607,-1.7904795,0.6244862
862,-0.22705191,-0.27799556,-0.23910335
863,-1.0070021,0.14648157,0.673779
864,1.5884012,-0.67903596,-0.69372123
865,2.324549,0.6787367,0.5048748
866,-0.5391767,-0.57464945,0.5151919
867,-1.7059615,0.036104213,-0.8818274
868,1.1739886,-0.11345149,-0.018004848
869,0.8019534,-0.6884276,0.17833264
870,0.6325381,-0.10778157,-0.19876257
871,1.8132215,-0.23525488,-0.9296214
872,0.66550845,-1.1573696,1.4859214
873,-0.94050163,0.60647285,0.91803676
874,0.77540416,-0.28785938,-0.62831503
875,-0.16488644,-0.45902485,0.16143417
876,-0.05791558,0.9720849,1.4787098
877,1.089531,-1.4002424,2.2780435
878,1.1073917,-1.5681454,0.5480539
879,2.2605145,0.1383757,-0.60768217
880,-1.9753413,0.64451826,-0.7512342
881,0.8552625,-1.0088497,2.345978
882,0.6423364,0.014357136,1.0994529
883,0.47174975,-0.10450191,0.67991716
884,1.3319049,0.7807595,-0.03795292
885,-1.7268802,1.2018076,-0.62184703
886,0.40065542,1.5781496,-1.9763219
887,0.061768744,0.059613068,0.6193917
888,1.0944754,-1.3279089,0.114033274
889,-0.97997826,-0.9613127,0.6973298
890,-2.2194996,-1.6766181,0.057154197
891,-1.2716923,-0.028253045,1.0659289
892,-0.39562738,-1.4424307,0.8117172
893,-0.18614186,-0.9684129,-1.8776795
894,-0.09068759,0.2139648,-0.52964944
895,1.530291,-0.26601788,0.6433099
896,-0.6827394,-0.50051737,-0.24111913
897,1.1307253,2.5799592,2.2284803
898,-0.52590793,-0.462394,-0.25502077
899,-0.08270053,0.059460368,-0.56675076
900,-0.22754216,-1.6747994,0.8497641
901,0.078217536,-0.15947583,0.5911851
902,0.52667576,0.6866344,0.20409773
903,-0.46715298,-0.18702714,1.2233962
904,0.7102595,0.71232635,-0.4420641
905,-0.89162046,-0.07733026,0.08518124
906,0.6953267,0.4740304,1.3334284
907,-1.5523633,-0.47043455,1.0612378
908,0.6041804,0.13388158,-0.43183845
909,-0.83078057,0.52245575,0.79175293
910,-1.0869435,1.9883004,0.17489041
911,-0.887627,1.6379709,-0.758911
912,-0.15095168,1.3240402,-3.2406642
913,-0.8269874,-0.74850214,1.0477213
914,0.18148263,-0.061771847,-0.8338775
915,0.09617681,0.07795242,0.62810576
916,0.5277967,-0.14487687,0.057883322
917,0.27228788,1.2251836,0.05968437
918,1.2215519,-0.080862716,-1.4081028
919,-0.58996946,-0.53729784,-0.15207417
920,0.92219687,0.5936,-0.72023153
921,1.2032017,1.3341658,-1.6009723
922,-0.06486674,0.21769996,2.4385207
923,0.5352937,-1.282236,0.6327931
924,0.4785022,0.69491655,-2.0223649
925,0.055291526,-0.45570767,0.1778899
926,-1.0632082,-1.3818107,-1.0669209
927,-0.01361048,-1.061406,0.74049693
928,0.9685067,-1.1739056,-1.6917723
929,-1.1607654,-2.4974637,0.116111636
930,-1.5655414,-1.7505718,0.8790976
931,1.137011,0.70938385,-0.89928955
932,0.37402058,-0.0438521,-0.959014
933,1.6342378,-0.8236678,-0.7333209
934,-0.20805551,-0.42660287,1.1846458
935,1.7084271,0.73120075,-2.2940946
936,-0.005812113,1.571954,-0.17952299
937,0.116348825,-0.70891494,-0.66882503
938,-0.60584515,1.5753,0.767395
939,0.6026443,-0.26261377,-0.8241619
940,-1.4516635,-0.61547047,-0.957011
941,0.79165167,1.5417621,0.26397142
942,-0.7817396,0.03798332,1.2433797
943,0.4851272,1.3204399,0.5779971
944,0.4259166,0.92831194,-1.2367159
945,0.10502661,-0.22813886,0.6403204
946,2.079937,0.2748601,1.3098233
947,-0.23634647,-0.91488457,-0.14403407
948,-0.20106582,-1.0900731,0.30085263
949,-1.069173,0.14611307,0.3321754
950,0.11561723,1.0189121,0.087024264
951,0.7925804,-0.53551257,0.5356558
952,-1.6064034,-0.30435744,1.2227314
953,-0.31207633,-0.65095544,0.38742545
954,-0.78401643,1.455528,0.63364446
955,-0.29122385,-0.23310775,0.6052383
956,2.1776628,1.1938943,-0.22836183
957,0.39831805,-0.74681866,2.729594
958,-1.6828206,1.1195726,1.3157915
959,0.30259004,0.11385261,1.5250564
960,-0.4259941,-0.17605114,1.3890305
961,0.6305205,0.15571833,-0.19133504
962,0.16973537,-1.4432325,-0.45240787
963,0.40419963,0.34059304,-0.1266693
964,-0.3648907,1.793234,2.4169369
965,1.4416438,1.9808083,-0.26820895
966,-1.8473474,-1.6576673,-1.1890979
967,0.7646905,-0.39845064,0.9526775
968,-0.20204905,1.1624016,-0.76680136
969,-1.4616208,-3.4218426,1.6392932
970,-0.039340332,0.2262774,-0.32566917
971,-0.32939437,-0.59293866,2.221047
972,0.19317381,-1.7147056,1.1462163
973,-0.5279503,1.1828133,-0.01559332
974,-0.4597473,-0.460202,-1.6230352
975,0.60544765,0.96921813,0.20339634
976,-0.49543887,0.47728235,-0.8667708
977,-0.07541476,0.19449447,-0.15083891
978,-1.3833392,-0.03579375,-0.14076425
979,-2.0529516,-1.1326576,-0.54956734
980,-0.95869154,2.5278049,-0.005215669
981,-0.017780272,-0.9729258,-1.4564526
982,0.11686912,0.035362802,0.53228223
983,0.08556687,-0.58653444,0.8029306
984,1.1421314,0.68887746,1.6973886
985,1.6685965,1.3688316,-0.94682616
986,0.09657643,-0.7372552,-0.08483604
987,0.46116522,1.5563163,-0.29723817
988,0.24306819,1.4539552,2.3906536
989,0.9985085,-1.0248462,0.17442532
990,-1.5812995,-0.2197667,0.23157707
991,0.6978076,-1.0129416,-0.48899025
992,-0.47371182,1.1895461,-0.4601631
993,0.4220415,-1.1943343,-0.20138684
994,-0.16644396,-1.4375994,-1.5150974
995,-1.1070421,-0.096929975,1.5930725
996,-0.24863523,1.0083987,0.2818194
997,-0.63521177,-1.3679866,-1.593701
998,-1.0094745,-1.0649449,-0.70713675
999,0.6445982,0.9245299,0.88762546
1000,-0.5476867,-1.3758801,-0.9318486
1001,-0.05663925,-0.062564634,1.7283899
1002,1.6552664,0.8038659,1.9064769
1003,0.8576067,-1.6038309,-0.07933519
1004,0.02724339,-2.7565782,0.23321082
1005,0.483929,0.44079766,0.22502352
1006,-0.9382505,-0.030799063,0.7773766
1007,0.23187786,0.004226662,-0.32533264
1008,0.17535685,-0.29091576,-0.19497919
1009,1.3842417,-0.1842026,0.55114245
1010,-0.636601,0.8724736,1.5653315
1011,0.1302972,0.35714236,0.6439241
1012,1.474231,-1.8623646,-0.6239165
1013,-0.16625474,0.12040571,-1.0216385
1014,-0.26145542,1.0832775,0.35168985
1015,-0.23639664,0.39413396,0.28325132
1016,1.2412117,0.36526462,-1.1568485
1017,-0.20502351,-0.10857003,0.5102565
1018,0.13713603,-3.4416049,-0.2953859
1019,0.8321267,-0.14025623,0.9839428
1020,0.84451586,-1.1996347,0.43401212
1021,0.18257226,0.45429546,1.1961267
1022,-1.6497668,0.5689495,1.1005865
1023,1.5726264,0.26529902,0.3509661
1024,0.4853509,0.21841033,-0.11736018
1025,-0.14206503,-1.37938,0.6511855
1026,-0.27627835,0.18528208,0.24242088
1027,-1.9236842,0.8409617,1.1186537
1028,-1.0781431,0.11149584,1.3519974
1029,0.3304003,-0.3159964,-0.84729695
1030,0.9640572,1.181477,0.23295408
1031,-0.96897674,0.15187907,-0.70759714
1032,-1.6428267,-0.33002093,-0.3406524
1033,0.5386449,3.577542,0.85874826
1034,0.58519924,-0.72272,0.34746137
1035,-1.5855324,-0.22504126,0.7498061
1036,1.3607981,-0.27581027,0.3166558
1037,0.20569122,-1.8271456,-1.3345904
1038,-1.4590734,1.20511,-0.56620044
1039,0.19509748,1.9927589,0.03240858
1040,-2.3088994,-0.11401849,-1.1520144
1041,-2.1688666,1.2925856,-0.89069563
1042,0.15018281,-0.12586696,-1.9050665
1043,0.20942728,0.28297138,-0.23558047
1044,-0.57615006,-0.57302165,-1.2356161
1045,-0.6255703,-0.021424953,-1.4667224
1046,-0.1422502,-0.8885811,-0.139821
1047,-1.9731485,-0.5523288,0.47599104
1048,0.8753672,-1.353603,-0.8359243
1049,-0.15412036,0.63682085,-0.011435786
1050,-1.0187764,0.30274883,1.224311
1051,0.0018435757,-1.0845745,-0.2327411
1052,0.7740608,0.4762952,-0.6814163
1053,-1.9531299,-0.64315754,1.3147942
1054,-2.7905102,1.4656864,0.8774675
1055,-0.8925902,-0.06436521,-0.702551
1056,1.4680347,0.28214708,0.26103425
1057,-1.4595851,-0.39460623,-0.9089268
1058,0.54408956,-1.089495,0.38387403
1059,0.2737268,-1.2069883,-0.5854654
1060,-0.34292328,0.5393979,0.69025356
1061,-0.48265156,0.6863251,-0.05513834
1062,0.86868757,0.98103553,-0.68987757
1063,-0.90665174,-0.5714462,-1.4303688
1064,0.43236968,-1.3954093,0.8305613
1065,2.0286758,1.237332,0.3597573
1066,-1.235992,0.043370776,0.1975343
1067,-1.1439672,-0.79141426,1.9547529
1068,-1.4470738,-0.16978858,-0.23064807
1069,-1.0816629,-0.24246833,1.3169937
1070,-0.20293164,-0.13830985,1.2477152
1071,0.31933635,0.7694254,-0.39074534
1072,-0.47195977,0.9358246,0.50001055
1073,-0.7097348,1.7021916,0.91730815
1074,0.6185527,0.25275603,1.7171082
1075,0.1806414,0.6285861,1.0520769
1076,-0.27203298,-2.3557744,-0.93177897
1077,0.72166014,-0.012303322,-0.36135763
1078,-1.3145573,-0.3596609,0.40066555
1079,-1.3497839,0.63454705,1.7763708
1080,-0.6051687,-0.028508622,0.24129003
1081,0.21349332,-0.12817703,0.6735549
1082,-0.1312673,0.94093776,2.130828
1083,0.23976874,0.96541756,0.60370576
1084,-1.1842624,0.81150323,0.7314846
1085,-1.3386794,-0.7103179,-0.85489017
1086,-0.58126307,-1.0492938,-2.340922
1087,-1.1940202,-0.6064554,-2.079323
1088,0.68086326,-0.96631366,0.45996624
1089,-0.5610691,0.64683425,0.766472
1090,0.43233135,0.7524998,-0.23388128
1091,-0.16752842,-0.5610138,1.9236153
1092,1.1658093,0.14762776,0.515155
1093,-0.5165682,-2.0202327,0.22545616
1094,0.009814626,-0.9642916,0.5628749
1095,-0.2618053,0.44073153,-1.7667884
1096,-0.7243846,-1.9864353,0.5958672
1097,0.08994014,-0.07596589,0.38041466
1098,-1.3143092,-0.05969528,2.210927
1099,-0.59369236,-0.09539006,0.09453993
1100,-0.27232006,0.0660702,0.77952874
1101,-0.010624097,-0.87333256,-1.4415299
1102,-0.64358306,-0.57233703,-0.64367944
1103,-1.4245257,1.041683,-0.8211956
1104,-0.4820672,0.3502268,1.7743981
1105,0.08801415,-0.6931489,-0.7146444
1106,0.41532183,-0.5471977,0.13854715
1107,0.5657909,-0.8207053,0.93392754
1108,0.7768224,0.62801856,0.60250944
1109,1.4947113,0.46437675,0.6286753
1110,0.21306707,0.8093966,-1.2326171
1111,0.67720133,-0.852495,-0.055931974
1112,0.78721356,0.1878892,2.5922403
1113,-1.2470462,1.5911305,-0.044822067
1114,0.025462074,-0.61797047,1.0079938
1115,0.45761594,0.33214158,0.8786641
1116,-0.9364734,1.5687509,0.12114131
1117,0.14502054,-0.4815137,-0.76652324
1118,-1.8924512,-1.5123488,0.78197974
1119,1.4171481,-0.6622501,0.0033504318
1120,1.0187118,2.4105566,0.92166847
1121,0.518877,0.8219775,1.5087239
1122,-0.084916435,-1.8014209,1.7576785
1123,0.017034443,1.782353,0.5423181
1124,-1.6171947,-3.173079,0.55860144
1125,-1.385406,-1.1410886,0.77136314
1126,3.69695,-0.9940211,1.3490984
1127,-0.561043,-0.5583624,-1.4897567
1128,-0.253161,0.21808544,-0.615098
1129,-1.6282799,1.3404822,1.0731217
1130,0.5552536,0.93905747,-1.4398983
1131,0.16932854,0.33470955,-0.83998495
1132,0.31939036,1.0194955,2.734242
1133,0.46825033,0.24260347,-1.0612113
1134,0.033517145,1.1882366,1.0362648
1135,0.8235424,-0.27007928,-0.2601366
1136,1.5086032,1.9260095,-0.19514324
1137,-0.53186214,0.93646026,-0.4306409
1138,-1.9720451,-0.30360302,1.0471069
1139,1.0096146,1.1682096,1.7479962
1140,0.46696773,-1.9242003,-0.6834335
1141,0.010644262,-0.35208738,-0.47527745
1142,-0.76124233,0.998712,0.039378557
1143,-0.5355531,0.7791199,0.2282059
1144,-0.9105117,0.4790678,1.5333737
1145,-1.1054674,0.355583,1.5996
1146,1.5639716,-0.1413285,0.6642261
1147,-1.9775199,-0.37199166,0.44915664
1148,-0.09389958,1.0649593,-1.4560128
1149,-1.1291927,0.070815906,0.9700628
1150,-0.17756452,0.29609883,1.742452
1151,-0.8729232,1.4740533,-0.43842345
1152,-0.41801757,1.2412275,-0.14685707
1153,1.1354867,-1.531838,-0.37234616
1154,-1.0700952,1.0890021,0.65261626
1155,1.1508964,0.48995158,0.70799637
1156,-0.16744891,-1.2340547,0.60611004
1157,1.7842388,-0.80502594,-1.2880342
1158,-0.68449086,1.785977,0.15435043
1159,-0.33020508,0.9129005,-0.19804455
1160,-0.6222579,1.2083175,1.6265014
1161,0.17912038,-0.6312571,-1.9159162
1162,-0.008093362,-0.7853779,0.16404495
1163,-0.6533503,2.143957,-0.994902
1164,1.0334193,0.35392496,0.29808593
1165,-0.70169294,0.6141672,0.040602032
1166,0.19482656,0.2557097,0.7397259
1167,1.0787542,0.32026935,1.8120009
1168,0.638052,0.99660295,-0.4766597
1169,0.09602512,-1.7791834,0.32291597
1170,-1.1125678,-0.13454916,-0.035935774
1171,1.9396766,0.04255827,-0.9618594
1172,1.3377429,0.6348999,-0.6893978
1173,1.8140949,-1.5295464,-0.6500019
1174,-1.2953534,-1.5603725,2.1567292
1175,2.8024604,1.0787781,2.2334914
1176,-1.0939109,-0.1510743,0.9490648
1177,-0.40899596,-2.4227922,-0.34009638
1178,0.70349026,-2.0004883,-0.21054316
1179,-0.94215506,0.72823393,2.3559518
1180,-0.03080452,-0.23736346,-0.03929974
1181,-0.02434113,-0.13816616,0.7748733
1182,-1.8240672,0.4805633,-0.2493611
1183,0.40844116,1.6737126,2.3283925
1184,1.5287298,0.25878474,-0.32905468
1185,0.20268843,-0.13454598,-2.6923978
1186,0.04160853,-0.9234036,1.4496198
1187,0.17650421,0.762058,0.68197036
1188,1.6246226,-0.6229969,-0.9181317
1189,-1.8696983,-1.1132362,-0.22805959
1190,-1.1736603,-1.637309,-0.87317604
1191,-0.08862941,0.74396276,1.8326634
1192,-0.32563215,0.2274587,1.0565555
1193,-0.7864135,1.3816075,0.3036782
1194,2.4553404,-0.22547144,1.8021692
1195,0.67213637,0.41208625,-0.68144834
1196,0.12821914,-0.75945854,0.5453263
1197,0.70194227,0.07381681,-0.21951827
1198,1.8336105,1.6642746,0.1574492
1199,0.36873296,-1.7244174,-0.40447274
1200,0.10551773,0.31519303,1.081756
1201,-0.890987,0.1703447,0.023773976
1202,-1.0355673,-0.31739813,0.06855183
1203,-1.1632257,0.7416181,-0.21250203
1204,-0.027627176,-2.1215677,-0.17953475
1205,1.1795117,-0.7992756,1.6996125
1206,0.72892684,-1.1227816,0.7310876
1207,0.32573992,0.5553326,0.077385776
1208,-0.9223884,2.3736238,-0.17160279
1209,-0.8276512,-0.06422018,-0.07336786
1210,-0.4468083,0.20034051,0.12577632
1211,-2.1641355,0.6248937,-2.0892382
1212,-0.30710775,0.061519247,1.295052
1213,1.0166376,1.5030224,0.19642869
1214,-2.003695,-0.57454795,0.7538719
1215,-0.050493855,-0.026064064,0.14018494
1216,0.19822663,0.6848359,-0.9543528
1217,-0.14827548,-1.009809,-0.9385956
1218,0.02359976,-0.105445206,0.8070848
1219,0.046187934,-0.89890385,-0.083098225
1220,0.63647217,-0.0151580265,-0.2522213
1221,-0.5340201,0.039440714,-0.6399878
1222,0.2662052,-0.34320593,0.90683687
1223,-2.0800831,0.227636,0.26429644
1224,-1.747491,-0.75649846,0.6025835
1225,-2.491157,0.61518294,2.3718748
1226,0.88118714,-0.6493364,0.2678924
1227,1.0588154,-0.38904226,-1.1680896
1228,-1.1113446,-0.10664531,1.6410004
1229,1.8569938,0.013732198,-0.39133376
1230,-2.298754,0.8869142,-0.7507191
1231,-0.9265296,-0.58258647,-0.4294712
1232,-0.31817487,2.3510435,-1.0728317
1233,0.251111,0.6360907,0.020213855
1234,0.019682337,-0.3428298,-0.830003
1235,3.0199716,0.33467525,-0.053299222
1236,-1.1279006,-1.4389586,-0.2541607
1237,0.84824145,-0.9094666,2.0577207
1238,-0.07326836,0.49707854,-0.9605942
1239,-1.2249792,-0.7842223,-0.8490164
1240,-0.5789542,-0.7581794,1.0577954
1241,-1.3163924,2.0181859,0.03276576
1242,0.9086024,-1.0731164,-0.17161462
1243,0.42759362,0.42100447,0.43095228
1244,0.08332453,1.1099268,-2.4873405
1245,0.47390488,1.1299142,-0.52606785
1246,0.407922,-0.59169614,0.4969843
1247,-0.11985767,0.3398919,0.21957928
1248,-0.64193046,0.85280997,-0.13713793
1249,-1.1627982,0.3325948,0.8935853
1250,-0.52369356,-0.36493394,2.060476
1251,1.0549403,0.53106046,0.37229744
1252,0.59091574,2.00988,-1.1230203
1253,-1.564239,0.468187,0.49428642
1254,-1.6695268,0.17579587,0.6861437
1255,-0.7140446,-1.6799554,-0.8590107
1256,0.12025405,-0.6964696,-1.7770827
1257,-1.9798614,2.7996213,1.4882146
1258,0.033340633,0.045182906,-1.646868
1259,-1.0331116,-0.19967131,2.0122783
1260,-0.15128432,-0.0736733,1.5120367
1261,-0.6945941,0.0064457087,-0.62226474
1262,-0.51685476,0.5936939,0.7740521
1263,0.68741566,-0.29119438,0.30134568
1264,0.4924746,-0.02429416,0.036027674
1265,0.05135722,0.62397456,0.8815548
1266,-1.8109502,-0.44122434,1.6182173
1267,0.84323466,-0.76865053,-0.1499386
1268,2.730618,0.6521184,-0.5505077
1269,-0.6429823,0.047717296,0.2322705
1270,1.4219736,-0.39311996,0.12980893
1271,-1.8189356,-0.3363552,-0.82825255
1272,0.3488524,0.34789467,0.3191798
1273,0.8133043,-2.0895157,1.410109
1274,0.686877,0.058105934,-0.45248184
1275,0.11397864,-0.33953166,1.2702745
1276,-0.3160268,-1.29,-0.26592
1277,1.3670757,0.07444619,-0.7651272
1278,0.18462472,1.5183886,-0.31510723
1279,-3.5958657,-0.5443876,-0.026272178
1280,-0.8959387,-0.74332935,-0.76522833
1281,-0.36682543,-0.929864,0.40587977
1282,-0.030565301,0.6231415,1.6194378
1283,-0.44432536,1.5713965,0.8653645
1284,-0.48892164,-0.4417319,-0.8515023
1285,-0.5892365,1.212679,0.6037751
1286,-1.1925809,-1.0159632,0.6153927
1287,0.07026718,-0.37828594,0.1069379
1288,-0.39302242,-1.388723,0.6236866
1289,1.1693641,-0.82182455,-0.92579937
1290,-0.6209527,1.1765093,0.1819325
1291,0.3187384,-0.49038818,0.28721333
1292,0.16944209,0.059936937,0.032254405
1293,-0.19270582,-0.5013586,-0.27565444
1294,-0.5280466,0.039183635,0.094259515
1295,-0.08112721,0.052958358,0.18638733
1296,0.7742487,-0.73836464,0.056273244
1297,1.8840245,-0.12675835,-1.7093365
1298,-0.5277449,-1.4141442,1.0556811
1299,0.16869612,0.78445804,0.5808368
1300,-1.1511263,-0.82120824,-1.354341
1301,-0.7148505,-1.3998995,-1.5970606
1302,0.03457569,0.9627106,-0.13558422
1303,-1.2536839,1.2295959,1.8710967
1304,0.8356856,0.15197818,0.6397991
1305,0.73946387,0.9118004,-0.654649
1306,1.4148989,0.46655634,0.123925254
1307,-0.63940346,1.0031964,2.0894542
1308,1.968337,-0.40958428,0.42170885
1309,-0.59492457,-0.4536013,-0.8903189
1310,-0.78083736,-2.1751468,1.4123329
1311,-1.643877,-0.47616538,0.5616928
1312,0.5373641,-2.302761,-0.18275627
1313,-0.3893577,-0.90934855,1.1244158
1314,1.6132145,-0.28017822,0.70940655
1315,0.78024805,-0.66620743,-2.0148776
1316,0.6295389,-0.58667135,1.14843
1317,-0.25497618,0.50998634,0.25184372
1318,-0.01793591,-2.0598524,0.94415724
1319,-0.23243536,-0.9444867,0.16940206
1320,-1.0877267,-1.8356476,-0.9277827
1321,-1.0944839,1.3733894,-1.5893335
1322,0.96004874,-0.39777398,0.9345621
1323,1.5149927,1.2848709,0.5024075
1324,0.6378352,-1.0855095,-1.6237442
1325,-0.89341104,-0.29742128,-2.4206097
1326,0.6598953,1.4440486,1.8116592
1327,-0.9883187,1.8130342,-0.04372106
1328,-1.4273815,1.3651441,-1.5314072
1329,0.36238396,1.9588255,-1.7373618
1330,-0.9350088,0.82873213,1.2211171
1331,0.93843096,-0.32046926,-0.102104776
1332,0.10534933,-1.3110487,-0.6988329
1333,-1.4054065,2.0880182,0.88098
1334,0.5344837,-1.0160297,1.8430163
1335,-0.15060896,-2.6443007,0.48517612
1336,-1.5529689,1.0005219,-1.1465845
1337,-0.7898348,-0.74495333,-2.2138193
1338,0.4340543,0.39620286,0.44354314
1339,0.2779071,-0.3365234,-1.0123593
1340,-0.18521574,2.8894725,-0.53741693
1341,-0.27913502,1.2246522,0.85668623
1342,-2.8305917,0.79639167,0.5792313
1343,-0.46087813,0.577117,2.0102677
1344,1.5605261,-0.86062545,0.24664946
1345,0.5034481,1.0968162,-1.9497114
1346,-0.21082263,1.1584072,-1.7907795
1347,0.71775347,-2.2704856,-0.5108799
1348,1.0976087,1.3255402,1.7778839
1349,-1.175329,-0.39131445,-0.29682994
1350,0.75205016,-0.33778286,-0.2171469
1351,1.5950334,-1.048428,0.23331037
1352,-0.49658212,-0.90038043,2.4706717
1353,-0.7127057,-1.58986,-0.5412117
1354,-1.1671494,-0.6797611,0.22938693
1355,0.45436004,0.022537174,1.2616321
1356,-0.2852203,-0.87416106,-0.8922513
1357,-1.1383674,-2.5205352,-0.31406575
1358,-1.7707516,-0.34740758,-0.3647452
1359,1.0153713,-2.0566738,0.6187163
1360,-1.5134437,-0.59728944,1.7375934
1361,-0.716549,-1.6112736,-1.3214703
1362,2.234031,0.23155478,-0.7738527
1363,0.47375214,0.0025629497,1.595738
1364,-0.29004687,-0.13698044,1.2096624
1365,-1.0215982,-0.76736015,0.74330187
1366,-0.2537355,1.3452944,-1.141144
1367,0.21691905,2.5503492,-0.009616963
1368,-1.9254884,0.5421491,0.13386132
1369,-0.017587466,2.0188189,-0.32266474
1370,1.0012718,-1.4838699,1.4704283
1371,0.7388162,1.9842768,-0.74297017
1372,-1.1651103,0.544508,-0.4883612
1373,0.6162726,0.1798755,-0.7169354
1374,-0.53165036,-1.2313808,-0.09708975
1375,-1.5473973,0.20522441,-1.005895
1376,0.24080372,1.2766604,0.19218214
1377,0.8240944,-0.21945523,0.88821834
1378,-0.42910954,-0.5841935,0.40784392
1379,0.5310938,0.13780545,-0.2628112
1380,0.3342237,0.6076462,0.4995122
1381,1.0207882,-1.5615464,-0.6702181
1382,-0.12748523,-1.0386921,0.77147985
1383,0.527812,-1.2498435,1.5081507
1384,-1.4171154,0.80259573,-0.6734916
1385,1.714827,-0.8750817,0.45198974
1386,-2.1423254,-2.346952,-0.11813279
1387,-0.17598955,1.7362795,-1.7568887
1388,-1.0011533,0.4417174,-0.5511489
1389,-0.76707107,0.09756664,1.3714522
1390,0.735913,2.1147003,3.3142693
1391,-1.1242578,-0.10655838,-0.19179581
1392,-0.33199644,-1.1915498,0.08779339
1393,0.42426842,-0.22515237,1.2174063
1394,-1.580838,0.031173987,0.121780686
1395,-0.42181808,-1.2080983,0.36553103
1396,1.8898406,-0.10276381,-0.09690406
1397,0.8004773,-0.1010779,0.67000276
1398,-0.43383613,-0.47470462,0.63244927
1399,-0.80124766,2.0691795,0.48968285
1400,0.64884853,-1.351926,-0.94601434
1401,-1.6038996,-1.9555697,-0.6106058
1402,-0.9188197,-0.13499536,0.4488906
1403,0.61204207,0.519112,-1.3071454
1404,-1.4410741,0.36055905,-0.840504
1405,0.86539775,1.3753301,0.6611048
1406,-0.65597594,-1.9981319,0.15904126
1407,0.42763853,1.2143232,0.10697673
1408,-0.894943,0.11373908,-0.2248158
1409,0.614691,0.18871395,-0.6166727
1410,1.7115883,-0.2592086,0.47736296
1411,0.40425462,-1.1320275,-0.05132149
1412,0.42154193,-0.01711387,-0.22238253
1413,-0.09969602,-0.33265105,-1.2896181
1414,-1.3173758,1.2937721,1.6717064
1415,0.75099903,-1.4480182,1.0405142
1416,0.5075963,-0.6140113,0.75919145
1417,-0.47212508,1.3634363,-1.486584
1418,0.89717346,-0.4734243,-0.68234086
1419,-0.25536647,-0.44847107,-0.3903235
1420,-1.0138986,0.71423644,0.869515
1421,-0.67838395,-1.0294969,-0.68259025
1422,-0.017758226,-0.18971871,-0.42496607
1423,0.4072666,-0.6515003,-0.005077264
1424,0.27662537,1.0415916,1.7334591
1425,0.2677804,0.73071915,1.6849936
1426,-0.9707809,-0.9832017,2.2658265
1427,-0.98785233,0.34174463,0.15205152
1428,-0.23535419,-0.4231013,-0.48305854
1429,-0.6440728,-1.6914481,-0.83072704
1430,-0.81045884,-1.3911169,-0.666048
1431,-0.8062461,-0.24126421,1.1063321
1432,-0.60625726,0.29705706,1.6279441
1433,-0.76222885,1.2233312,0.84991926
1434,-1.1615782,-1.3326243,-0.040138874
1435,0.40866172,-0.06911222,1.6384974
1436,1.3434105,0.2988611,-1.9030197
1437,0.6537844,-0.5432729,-0.059410583
1438,-0.28141984,-0.62242556,1.0025508
1439,-0.31966177,-0.401959,0.24470839
1440,0.14853033,-0.8858365,-0.0038165073
1441,0.026760075,-1.111271,-1.4100542
1442,-0.78884286,1.1442313,1.098826
1443,-1.2201073,-1.1214516,1.051486
1444,1.7380818,2.095265,0.6480276
1445,0.3832162,-0.56204927,0.23979652
1446,-0.48324063,-0.5585421,-0.6092552
1447,0.6107714,0.29199046,0.871176
1448,1.2655089,0.23032199,0.28230086
1449,-0.02744218,0.11973224,0.74879354
1450,-0.3716238,0.15854326,0.31382185
1451,0.6998535,-1.9573576,0.280663
1452,-0.10170527,-1.5148928,0.14582953
1453,0.40231013,-0.44073686,0.28292084
1454,-0.46366835,-0.14576752,0.361101
1455,-0.76293606,1.5628579,-0.46437785
1456,-1.334104,-0.74320155,0.706464
1457,1.9639739,-1.890441,-0.5248647
1458,2.2884152,0.47378296,1.9416265
1459,0.97852576,0.37510762,0.71868676
1460,0.22288504,-0.8667358,-1.8545681
1461,0.40662655,1.0399245,-0.797316
1462,1.5228748,0.14150392,1.4802536
1463,0.7475659,-0.8434992,-1.3934526
1464,-2.446479,0.45166567,-0.329618
1465,0.01929407,-1.9413062,-0.59283704
1466,1.3264577,3.1132786,0.14038227
1467,1.0062487,-0.8558172,-0.6854985
1468,2.0960186,0.6533597,0.7838016
1469,1.0440567,-0.75432223,-0.93974066
1470,-0.6912916,0.9872511,-0.02074111
1471,-0.08039563,-0.72989285,0.96880275
1472,1.2171731,-1.8550904,-0.79344106
1473,-0.072367854,-0.15643509,-0.08857559
1474,0.35159916,0.3591194,-0.14476049
1475,-0.123786196,-1.0002263,-0.0051863235
1476,0.1744753,0.6802969,0.34924266
1477,0.2640697,-0.32002455,0.48182288
1478,-0.96326584,0.8312833,-0.5018417
1479,0.49226955,-1.834795,0.69908917
1480,-0.81057996,-1.0545624,-0.97031486
1481,-0.59274244,-1.756995,-1.0076541
1482,-0.83487016,0.3183134,0.7605824
1483,-0.3047226,-0.20568666,0.5063615
1484,0.0960214,-0.06332253,-0.79018396
1485,-2.1021714,0.51125044,-0.83014524
1486,-0.6662112,-0.64382535,-0.20699072
1487,-1.0562322,0.51493967,0.69554317
1488,0.7511083,2.502246,0.37368113
1489,-0.37526006,-0.9036314,-0.22329265
1490,1.0209312,1.556632,0.5099217
1491,0.20630173,-1.0185786,-1.0532598
1492,-1.4065152,2.7925801,-0.5477748
1493,0.014874493,-0.18390806,-2.331821
1494,0.2883415,-0.5981059,-0.8489929
1495,-0.02213625,-2.3839579,1.7162956
1496,-1.3085647,-2.3644137,-0.7468527
1497,0.5080822,0.24812292,-1.0340245
1498,-0.87226814,0.4076918,0.30037296
1499,-0.42333916,-2.0920284,1.1901524
1500,-1.1018546,0.37620428,-1.5934894
1501,-1.5905834,0.0105752135,0.46041378
1502,-0.50661325,1.1958774,-0.17138948
1503,-0.6297404,0.6837581,-0.5956343
1504,-0.424089,-0.9963043,0.1281608
1505,-0.564909,1.6056006,-0.5474475
1506,0.4263108,0.1807233,1.3445052
1507,-0.834027,1.1277316,2.4981225
1508,-0.35377738,0.5637283,-0.06355643
1509,-0.6177884,0.3139838,0.62555695
1510,-1.192152,1.3040745,-1.098819
1511,-0.26328048,0.9401263,0.44928604
1512,-0.24181493,-1.5050195,0.13932653
1513,-0.37082738,-0.07243012,0.27092296
1514,1.1808084,-2.4706304,-0.15626982
1515,-0.020164287,-0.51128197,0.9316151
1516,-0.37173817,0.665285,0.3989612
1517,-0.560417,-0.3326913,0.8408359
1518,0.041112106,-1.2966926,-1.0721693
1519,0.7961669,-0.39192194,-0.6460758
1520,0.65712523,-1.0137777,0.9084095
1521,0.9612701,0.1700943,0.8265288
1522,-0.8919266,1.9458101,0.7554486
1523,1.4100037,1.2889063,-1.1735727
1524,-0.03836461,0.47683996,-0.49470472
1525,0.9425392,-0.42201954,-0.6236486
1526,0.33530137,-0.65125716,1.837399
1527,-1.4823844,-0.0732725,-0.6637391
1528,-1.9873188,0.6467197,-1.6462775
1529,-0.42977944,0.19002247,0.39149818
1530,-0.76833403,1.1095569,-1.2451373
1531,1.2409977,-1.7026098,0.76143473
1532,-0.8761556,-0.48278737,0.42972004
1533,-1.1196444,-0.44512558,-0.76466036
1534,-0.060913227,0.5209098,0.9315888
1535,-0.38234755,0.80346847,-0.39527437
1536,-1.5784597,0.9651712,-0.64589393
1537,0.6953188,0.7544508,-1.3018866
1538,-0.82797897,0.038356923,0.909048
1539,-0.031151218,-1.3977815,0.4487143
1540,0.22944309,-0.46061808,0.9894218
1541,0.46608663,-0.852438,-0.11846693
1542,-0.49313864,-0.009124215,0.94755846
1543,0.034458607,-1.8248677,-0.007047955
1544,0.7382117,-1.0797905,2.2011843
1545,0.20852214,-1.8299905,0.39962417
1546,0.4511773,-0.016871415,-1.6193551
1547,1.1402807,-0.5088462,0.4040969
1548,-1.725487,-0.8657103,-0.12231777
1549,-0.59070355,1.1408998,-1.2367254
1550,-0.3060268,-0.7891395,0.8800894
1551,-0.14542024,-1.5511765,-1.3230457
1552,-1.5021538,-0.65325713,0.55641985
1553,-0.3858422,1.2135412,-1.2366186
1554,-1.0617474,-0.04533266,-0.06903606
1555,-1.0493788,-1.0097963,-0.37717995
1556,-1.2786044,0.15930709,1.509693
1557,-0.19054262,0.027562052,2.6625926
1558,1.6567525,0.2809589,0.33504593
1559,-1.5830923,0.11609231,1.77138
1560,1.0194362,-1.1443915,0.09969846
1561,-0.38112646,-0.005051464,-0.82008433
1562,0.42151043,-0.3061823,1.2667414
1563,-1.1360781,-0.9403285,-0.07371767
1564,0.8009849,1.1738083,2.349019
1565,0.5861735,1.4938556,0.6383449
1566,-0.91170716,2.2961102,-1.058495
1567,0.63587856,0.048348486,0.71472406
1568,-2.0226305,0.5940304,0.15675664
1569,1.139024,0.6320758,-2.2561336
1570,0.38392428,-0.12564485,-1.6064308
1571,0.19202499,-1.1336333,-0.63906884
1572,1.5326453,-1.078172,0.9163105
1573,-0.6127425,0.8006013,1.9768555
1574,-0.4558239,-0.7090432,1.2325622
1575,-1.3130679,-1.2077713,-0.41933927
1576,-1.1389806,0.56043357,-1.6021332
1577,-2.344781,-0.34803617,0.17129113
1578,0.55902684,-0.38256112,1.2883008
1579,0.2791611,-0.3095723,-2.327811
1580,1.4958826,-1.3654845,-0.20734976
1581,-0.05084556,-0.8912499,-0.236751
1582,-0.2779351,-0.6293338,-1.4354458
1583,-1.1221411,1.2268659,0.0054750545
1584,-0.24917659,1.4597926,0.030354287
1585,-0.52353376,1.3475593,0.7501111
1586,0.46786973,-0.90828025,0.42342722
1587,0.68027425,-0.19230445,-0.8636262
1588,0.113376215,2.0193658,-0.9764508
1589,-0.9913476,0.8223124,-0.9074115
1590,2.3840942,-1.386695,-0.2415776
1591,-1.3476055,0.66080433,1.3148627
1592,2.0814228,-0.7873919,-0.640283
1593,0.26691553,1.0382881,-0.44913688
1594,-0.47638008,0.93528384,-0.29272676
1595,-0.9577532,1.1969805,-0.635947
1596,0.104769126,-0.60167396,0.050006036
1597,1.1313334,-2.1894548,1.4427508
1598,1.0400786,0.5580872,0.42826504
1599,1.7489578,0.12454035,2.0218136
1600,-1.6439298,1.4062911,0.62976867
1601,0.7129537,-0.9748957,-2.1519163
1602,-1.1591913,-0.8546303,1.1841694
1603,0.2550786,-1.5162872,-0.22114106
1604,1.3378484,0.3383254,-0.7837896
1605,-0.050601654,0.17172365,0.6407662
1606,-0.5501987,1.6620605,-0.01896323
1607,-0.9092507,1.5265914,1.3271804
1608,-0.24817973,1.3449316,-1.2029147
1609,-1.3973342,0.3633982,0.51726264
1610,-0.5471123,-0.17444675,-0.1167419
1611,0.46583048,-0.5356375,0.89278466
1612,0.47720248,0.8823764,-0.64075613
1613,-1.504883,1.5852097,1.0884477
1614,0.64323133,-0.08864866,1.1391741
1615,-1.0141807,-1.8472883,1.1921326
1616,-1.5894988,-0.04684978,1.3763418
1617,0.6580817,-1.0428026,-1.2335513
1618,-0.83020216,-1.6759067,-1.6130081
1619,-0.95101666,0.6655734,1.3549589
1620,0.6359509,-0.75629276,0.37070054
1621,-1.8486445,-0.44069308,-1.1872529
1622,0.3019375,1.752069,-0.22998329
1623,-1.1203599,0.9364805,0.96396554
1624,-0.46496856,0.9914964,1.4960116
1625,0.36879954,0.6400815,-2.484338
1626,0.0045077843,-0.06719059,0.2255355
1627,0.42965415,-0.5449309,0.55698514
1628,0.2331103,0.6827612,0.8616582
1629,-0.24053736,-0.17796333,0.08601934
1630,-0.32243136,-0.5263968,-0.8934868
1631,0.29586583,-0.08227625,-0.37966368
1632,-0.03949958,1.5641404,-1.3251548
1633,-1.2686269,-0.40461734,1.135049
1634,0.6646974,0.14543134,0.102617554
1635,0.9470787,-0.5729134,1.729314
1636,-0.27529293,-0.628958,1.3606433
1637,-1.3317707,-1.482464,-0.010891475
1638,1.2977561,-0.9559987,-0.5339186
1639,-0.30364737,-0.09369944,-0.20893951
1640,0.49962187,0.9256648,1.0709409
1641,0.09209059,0.4200691,-0.37580743
1642,-0.013566384,-1.1271255,-0.45300776
1643,-0.58254164,0.7970826,1.5623547
1644,-0.20075226,1.144314,-0.23307684
1645,-0.74710363,1.0938156,0.09960733
1646,0.16557948,-1.7540442,1.6577955
1647,-0.6047202,-1.073803,-0.22265804
1648,-1.3223436,-0.24826604,1.378693
1649,-0.9700412,-0.9392112,-1.2828704
1650,-1.5255469,-0.1989594,0.54342645
1651,0.2324547,0.9949498,-1.1947525
1652,1.3664342,-0.9445744,-1.04533
1653,1.1692723,-2.7319274,0.29038036
1654,-1.2863317,-0.6722291,0.17820151
1655,0.56423044,-1.6194496,-0.4537078
1656,-1.6989433,1.085123,-0.33383638
1657,1.4341311,0.5123424,-0.09783304
1658,0.08528803,0.020873243,0.12653305
1659,-0.288607,-1.6717737,0.111380234
1660,0.09925999,-2.0839412,-0.569446
1661,-0.55514663,0.13850097,0.33884516
1662,-1.4017175,1.1431916,1.8292376
1663,-0.3133679,0.726049,-0.27462256
1664,-0.043701105,1.3470067,1.6137698
1665,-0.66358465,-1.2437372,0.59381014
1666,1.4661523,1.0990227,0.7577397
1667,-0.10553572,-0.72457427,-0.054714467
1668,0.7097049,-2.3655477,-0.6912019
1669,1.4523933,-0.8670698,0.88492775
1670,-1.5223031,-0.89009017,1.1442704
1671,1.5279057,-0.7719758,0.7566476
1672,-0.8202506,-0.3233167,2.128014
1673,0.61875623,-0.40662566,-0.9027899
1674,0.29473197,-0.6101464,1.4427439
1675,-2.4174156,0.29254115,-1.476343
1676,1.9262627,-0.6577363,0.5547563
1677,-0.38489586,-0.6457423,0.80253047
1678,-0.94968957,-0.48617363,-2.0818834
1679,-0.089926176,1.3627037,1.3796312
1680,0.61831164,0.42528716,0.66424316
1681,-0.4121664,0.3526132,0.35787946
1682,-1.9919393,-0.26670876,-0.1817989
1683,1.0297725,-1.1088299,3.142501
1684,-0.0737395,-1.0659927,1.4256933
1685,0.6932796,-0.48240408,-0.13370135
1686,0.8116858,-0.08846233,-0.6033726
1687,1.8654499,-1.2915554,0.6090396
1688,-0.35466874,2.2555435,-0.3272614
1689,0.0032408314,-0.062763445,-0.38328153
1690,1.2506057,-0.21405762,0.066144325
1691,2.1669378,0.021416437,-1.152506
1692,-0.74649197,-1.4613405,-0.4265272
1693,0.083723076,1.7637651,1.3089353
1694,0.39159575,0.64606494,0.16521956
1695,-0.07808894,-0.41694215,-1.5020292
1696,-1.5067843,0.5905744,0.36170733
1697,0.07428804,-0.3358472,-0.015030079
1698,0.27680442,0.52671623,-0.30175734
1699,2.2610266,-0.23768991,-0.09873007
1700,-1.0245191,-0.8058503,-0.78598046
1701,0.45284632,-0.0199587,0.420061
1702,-0.7779901,-1.2234297,0.123074435
1703,-1.0287135,0.92430776,0.7724044
1704,0.12580885,-0.6164922,1.1464636
1705,-1.7094934,-1.7968262,-0.073921934
1706,1.0271711,-2.5294607,0.8078711
1707,-0.59224725,-0.75228846,1.0833714
1708,1.9481074,0.4131444,0.036399633
1709,-0.6204606,-1.2641262,0.29891178
1710,0.5151566,-1.7138914,2.1251917
1711,-1.1169727,0.093344726,2.0333548
1712,-0.16701747,-0.5320015,-0.9617022
1713,1.1340595,0.2592569,-0.27186078
1714,3.4379513,1.2319027,-0.026230955
1715,2.1136749,-1.805178,2.3343444
1716,-0.937194,-0.09413929,0.29261336
1717,-1.3758515,0.0936077,-0.1564933
1718,-1.0213758,-0.47206235,0.6486651
1719,0.74522513,0.9009354,-0.5248004
1720,-0.84062666,-0.471296,-1.4551537
1721,-0.2830925,-0.45091206,-2.4714017
1722,-1.351741,0.49363568,-0.013084915
1723,-0.30557033,0.91471183,0.6823745
1724,1.229707,0.4150666,0.8481268
1725,1.5171927,-1.2935978,0.5852126
1726,0.13275456,-1.6111442,0.9377676
1727,1.5109594,0.5209189,0.59212315
1728,0.35285643,1.9137064,-0.36628896
1729,3.355833,2.2793834,-0.8283239
1730,-0.08350377,0.39882228,-0.7035057
1731,0.33821142,-0.7293902,0.04441438
1732,-0.33529302,-1.4055172,1.0676818
1733,-0.26780784,-1.3393703,1.1252084
1734,-0.06795424,-1.3067282,-0.006020284
1735,0.11890286,1.2145201,-0.87424475
1736,-0.2263799,-0.34573203,0.49567613
1737,0.38056064,-0.7989618,1.2408468
1738,0.81598455,-0.99059176,0.49965706
1739,0.0727954,0.34728926,-2.567006
1740,-0.21173456,0.3870471,0.2990927
1741,0.97641957,-0.9593376,-1.0634991
1742,1.4459065,-1.5121872,-0.5082335
1743,-0.44576162,0.56047523,-0.46127692
1744,0.86585116,-1.7365685,0.26310325
1745,0.8011845,-0.5222551,-1.8451947
1746,-0.6673624,-0.13426895,0.8022734
1747,-0.49796185,0.87382954,0.7415331
1748,0.06848509,1.0169982,0.4080537
1749,1.4445553,-1.5732288,-0.71835774
1750,-0.27850628,0.0940052,-0.13367316
1751,-1.2228608,0.6713565,-0.87212145
1752,-0.54478717,-0.08324511,-0.09124017
1753,-0.1238027,0.80644095,-0.89995563
1754,-1.7669246,-0.8775476,1.7862965
1755,0.46479058,0.5196747,-0.2515009
1756,-0.5682721,-0.5997797,1.3375312
1757,1.1446141,-0.4232643,-1.0948396
1758,-0.059507407,1.1752883,-0.79503256
1759,1.2437726,-0.29523677,-0.13437347
1760,2.1026487,0.30598584,-0.7002521
1761,1.2500019,-0.5924414,1.0594316
1762,-0.3362102,-0.776044,2.4207492
1763,-0.6009066,-1.0247878,0.5150122
1764,0.24434553,-0.54212356,1.3521861
1765,-0.6769313,-2.042197,-1.4913156
1766,1.6098541,1.2449641,-1.0683082
1767,-1.4149739,-0.46556258,1.0569397
1768,0.14112513,-0.36159405,0.08440357
1769,1.8610616,0.51305383,-1.3141379
1770,-0.514008,0.46347252,-0.2512843
1771,-0.22008607,-0.512211,-0.6373498
1772,-1.273258,-1.1417155,0.016471561
1773,-0.20867218,-0.8603249,-0.2221154
1774,-0.39073738,1.6442426,-0.75507516
1775,-1.1062043,-0.28407636,-1.6101522
1776,-0.4359664,-0.6863192,-0.12620352
1777,0.037912495,0.2915918,1.4998605
1778,0.14598212,0.32481053,1.0785394
1779,1.2361451,-0.23471604,1.0630876
1780,-0.7546452,0.019915573,0.6815707
1781,1.0219398,0.08549975,0.8622969
1782,-1.6508543,-0.15862754,2.80955
1783,0.5110147,1.7422776,-0.21468452
1784,0.09434638,1.1615317,0.76764065
1785,-1.5401652,-1.0147599,1.6281775
1786,-0.61556023,1.3881165,-1.3011597
1787,-1.4248263,1.4238074,-0.97088045
1788,-0.21688733,-0.5576085,0.7205537
1789,-1.3334718,0.32804,-0.07088486
1790,-0.57838315,-2.8121133,0.41306624
1791,-0.5450119,-0.9458696,-1.0945444
1792,-0.6402835,0.89244175,1.3245214
1793,-2.2330194,-0.3523949,-0.7005524
1794,-1.264458,1.0808833,3.029962
1795,0.7639749,1.2538457,1.342755
1796,0.11786216,-0.08684705,-0.83680445
1797,1.8048143,2.3020957,1.0718895
1798,0.81304336,-0.08214903,1.4582942
1799,-0.049675968,-0.13256046,1.1605871
1800,-1.5058881,-0.36095595,-0.2852221
1801,-0.098787025,-0.3215508,-0.20696557
1802,0.74621725,0.85290223,-0.5714897
1803,-0.013528477,-1.3206912,0.37968734
1804,-0.013972098,-0.19512735,-0.55209494
1805,-1.3087378,-1.0293349,-1.4601924
1806,1.8153981,-1.3297281,-1.1340383
1807,0.71185553,0.33675814,-0.35877323
1808,-0.4284814,-0.662688,0.48212072
1809,-0.43111297,-0.056587774,-0.6769435
1810,-1.5509694,1.0338804,0.16718404
1811,0.38650513,0.7645728,-0.86559486
1812,1.2029018,0.37885213,0.14020477
1813,-0.86898845,1.559871,-1.5244317
1814,0.731847,-0.710851,1.0993706
1815,0.22526477,0.12738742,-0.5559555
1816,-0.633975,-0.9489428,-0.9089481
1817,-0.6095913,-0.28070626,0.74826664
1818,-0.35790253,-1.2776324,0.5851073
1819,1.3881743,-0.084977195,-0.35681564
1820,0.65381575,-1.4445624,-0.16322547
1821,0.10057286,0.7646616,-0.56369615
1822,0.7120817,-0.43546966,0.15721607
1823,-0.31854567,0.6397773,-0.43008193
1824,0.17737366,0.13861954,1.0559254
1825,-3.0147192,0.17228244,0.37721044
1826,-0.35516652,-1.3362169,1.4174756
1827,0.7889248,0.69664335,2.762548
1828,-0.984077,1.3948424,-0.85413295
1829,-1.1756693,-1.1022624,2.0144255
1830,0.6959001,0.99015015,0.74697745
1831,-1.2168016,-0.04150089,1.6998625
1832,-0.3217955,0.5505106,-1.6900103
1833,0.09812865,0.19218905,-1.1423603
1834,0.13071191,-1.2887139,0.8439744
1835,0.73779964,-0.095641166,0.7488251
1836,-0.0738177,0.29535624,1.3682628
1837,-0.48186606,0.25771344,-0.8165516
1838,-0.2005514,0.48962086,0.12396372
1839,-1.4694588,-0.07785492,2.1909957
1840,-0.5738623,-0.6146621,1.1345208
1841,0.6752771,-1.1436439,-0.23527446
1842,-0.06595453,-1.19661,-1.2750049
1843,-1.4446942,-0.7901423,0.47576147
1844,0.96355546,-0.6041513,0.32073864
1845,-1.5745735,-1.368717,0.8480231
1846,-0.705326,-0.8212633,-2.4748552
1847,-0.3817954,0.7554487,-0.63055634
1848,0.6382422,-1.1592467,1.5967857
1849,-1.5521154,-0.46343446,-0.3700954
1850,0.32206157,-0.0727579,-1.4183371
1851,0.044334825,1.8010744,1.0238178
1852,0.30516663,-1.1913449,0.17273706
1853,1.0318477,0.22256462,1.109784
1854,0.9990686,0.59674084,-0.586607
1855,-2.4356577,-0.5384733,1.9786335
1856,-0.95259017,0.4075989,-0.35029504
1857,-0.34186608,-0.7573315,0.23308975
1858,-0.8316194,0.1778481,0.07080058
1859,-0.117320165,-0.090216175,-0.9316745
1860,-0.57638806,3.1854615,0.36371046
1861,0.53858757,-0.95240337,-1.2023714
1862,-0.24256122,1.8075832,0.29708642
1863,1.0211694,0.4299694,-0.28944242
1864,0.47846657,-0.8954551,-0.68515867
1865,-0.43858126,-0.06728426,0.8449278
1866,1.2054855,0.7682587,0.53113043
1867,-0.6611568,0.44703868,0.4715612
1868,-0.15688087,-1.111829,1.8570452
1869,0.6494679,-0.98329544,2.0261202
1870,0.9940295,-0.9454665,-0.32981843
1871,-1.3528358,0.25451154,0.23044965
1872,0.5278374,-0.44763982,1.4104337
1873,-1.554153,-1.7488264,-0.035215218
1874,0.5483223,-2.0991359,-1.3252175
1875,-1.117732,1.6316887,1.086075
1876,0.23745954,-0.98274565,-1.2948081
1877,0.72459686,-1.1947888,0.25847474
1878,0.2772194,-0.050195415,-0.1811364
1879,-0.7704554,-1.6056125,-1.6881
1880,0.54445666,-1.121735,-3.5843096
1881,-0.508167,1.1590466,0.5963367
1882,0.00473522,-0.30191657,-0.55147684
1883,-0.14117368,2.541945,0.39157853
1884,0.31452087,-0.116399094,1.307843
1885,0.8295393,-1.3849441,0.70465434
1886,2.2255957,0.46949825,-1.1552916
1887,-0.024831856,0.9296128,1.6976274
1888,0.38989753,-0.049397085,-0.48755625
1889,0.09980255,-1.6102184,1.6181626
1890,0.9638557,-1.7730188,0.6016796
1891,0.14635725,0.39800367,0.10491946
1892,2.5344164,-0.48170966,-0.30697146
1893,-1.7848266,2.0361242,-1.2639048
1894,-1.1647893,-1.0218543,0.2426744
1895,1.4107131,-0.048891455,0.50824684
1896,0.681859,-0.14053872,2.7268326
1897,1.5242208,-0.5672007,0.096305825
1898,-0.77665335,0.71988916,0.4960466
1899,0.7064493,-0.9893759,1.2934687
1900,1.8752929,0.05609432,-0.4440115
1901,0.96978265,-0.3752916,-0.92029315
1902,1.2495197,0.8957622,-0.11104727
1903,0.4066103,-0.67961544,2.0563638
1904,0.5307038,-0.37353137,0.51263314
1905,-1.4778566,0.11251747,-1.8673897
1906,-1.5164162,-0.45512697,-0.22911482
1907,0.4262147,0.13281105,-0.29567048
1908,-0.7263097,0.29052064,-0.27873567
1909,-0.24692582,2.050695,-0.34572124
1910,-1.2579367,0.38416916,0.91790026
1911,-0.33880985,0.705148,0.4897899
1912,-1.2593789,1.0218629,-0.700667
1913,-1.115607,-1.4401559,-0.12742728
1914,-1.7123694,-0.46770522,0.4949325
1915,0.6096306,-0.6146219,-0.25812575
1916,-0.6306601,-0.048266806,-0.061620682
1917,0.633382,1.1108526,0.39929825
1918,0.48241454,-0.12969393,0.6177909
1919,0.5782642,0.22592399,-0.20344128
1920,2.0961537,-0.4705983,-2.288501
1921,0.48582098,-1.3432511,-0.16295433
1922,0.94359815,1.0527587,-0.92339945
1923,0.30059743,-2.0284288,0.9563951
1924,0.86895555,2.1967208,-0.18942572
1925,-1.0273677,1.0157771,0.3540076
1926,0.38518548,1.6821188,-1.745785
1927,-0.8967886,-0.5609522,-0.6995631
1928,-1.5600348,-0.07723128,1.3422339
1929,-0.27735466,-2.387298,-1.9007229
1930,-1.0293727,-1.3575041,-1.38418
1931,0.53466517,0.74370927,2.2718484
1932,0.40930972,-0.35049877,0.9587868
1933,0.1457538,1.270881,-0.21009408
1934,-0.4918782,2.4623866,0.8955158
1935,2.593107,0.106829815,-1.3580211
1936,-0.64584047,-0.7107505,0.44653055
1937,0.6330434,1.5987208,-0.2136804
1938,0.974767,-0.22818342,1.1700984
1939,0.587551,1.321952,-1.8659741
1940,0.8996812,-1.3285,0.4588667
1941,-0.15163757,0.47024643,0.29578555
1942,-1.8433903,-0.5688012,-1.1051165
1943,0.30004236,1.5971373,-0.25317073
1944,-1.342512,-0.9509794,1.064867
1945,1.0606565,0.50261873,-1.5207179
1946,1.0912403,-0.59629923,0.24447
1947,-0.47429442,-1.4047097,0.41193894
1948,0.3174,0.90682316,0.8888057
1949,-1.4777553,0.117808945,-0.99592775
1950,1.9086953,1.0693767,-1.4150084
1951,-0.059396468,-0.045911368,-0.4068545
1952,0.37782905,0.59148264,0.6790371
1953,0.18299516,-0.7383575,-0.861163
1954,-0.06686719,-0.7117397,1.9186757
1955,-0.18897758,-1.0329503,0.445218
1956,-0.40486786,-1.8324698,0.18356548
1957,1.4765692,-0.936936,1.4968989
1958,-2.5375984,0.35951763,0.43513814
1959,-2.496602,0.50969577,1.1164477
1960,-1.4106357,-0.5084754,-0.9275688
1961,-0.8764972,0.55207443,0.9476633
1962,-0.32411966,0.48987257,1.0037683
1963,0.641721,1.3522077,0.09895501
1964,-0.22556056,1.4200053,-0.301998
1965,1.3693655,-1.2678884,-0.6193149
1966,-0.29337093,-0.04190284,-0.0050101634
1967,-1.8552531,-0.2909244,0.44835246
1968,-0.872291,0.9808705,1.0126204
1969,0.38187465,-2.616649,-0.23511846
1970,-1.2549891,-0.69893473,-1.9060822
1971,-0.73735,-0.6019147,0.02348849
1972,-2.2590458,0.07640028,0.15550952
1973,0.16165961,-1.9129059,0.49001208
1974,0.51761216,0.4000432,0.0237787
1975,-0.39866307,-0.48090565,0.09057025
1976,1.58862,-0.6666296,-0.6662124
1977,-0.55483806,2.528322,0.1827921
1978,0.67731434,-0.10425697,-1.3295157
1979,-0.40494817,1.2717329,-0.08122223
1980,2.3576982,1.0176647,0.45335633
1981,-0.2409327,-2.2008486,-0.42347157
1982,0.726259,0.2616353,1.4442493
1983,1.4713444,0.4865693,0.7527665
1984,-0.9804937,-1.038703,-1.5184267
1985,-0.42606935,-0.34915018,-0.6402622
1986,0.8802444,-0.36114,1.1908802
1987,-0.93837357,0.83024824,-0.046181105
1988,0.833967,-0.09335367,1.0786217
1989,-0.08444388,-0.16799495,2.5873632
1990,0.34046382,0.49212968,-0.38252366
1991,-0.4938962,-1.4602358,0.34502006
1992,-0.8716365,-0.25640404,0.5649883
1993,-0.4020419,-1.4769796,-1.3147898
1994,-0.067128405,-1.2733274,-0.8297607
1995,0.36457786,0.51712584,0.28650662
1996,-0.45753676,1.3152766,0.4039236
1997,1.3973163,0.5713089,-0.4919415
1998,-0.5542494,-0.6654438,0.13062824
1999,0.6803817,-1.5724875,-0.13343516
